,Time (us),AccelX (m/s^2),AccelY (m/s^2),AccelZ (m/s^2),GyroX (rad/s),GyroY (rad/s),GyroZ (rad/s),Temp (C)
1871968.000000,0.122465,-3.828215,8.336905,-8.689135,-5.674835,-0.320000,24.580000
1894968.000000,1.317465,-5.253215,6.951905,-8.689135,-5.034835,-0.350000,24.670000
1917968.000000,2.102465,-6.198215,6.556905,-7.725802,-4.298168,-0.483333,24.620000
1940968.000000,2.367465,-6.603215,6.096905,-6.651635,-3.717335,-0.580000,24.720000
1963968.000000,2.464465,-6.814215,5.826905,-5.587135,-3.142835,-0.588000,24.720000
1986968.000000,3.012465,-7.578215,5.166905,-3.567135,-2.000835,-0.628000,24.620000
2009968.000000,2.938465,-7.610215,4.904905,-1.159135,-0.832835,-0.606000,24.670000
2032968.000000,2.636465,-7.516215,4.952905,1.054865,0.379165,-0.446000,24.670000
2055968.000000,2.450465,-7.498215,5.488905,3.050865,1.649165,-0.288000,24.670000
2078968.000000,2.104465,-7.018215,6.348905,4.622865,2.761165,-0.190000,24.670000
2101968.000000,1.408465,-6.126215,7.246905,5.536865,3.651165,-0.070000,24.720000
2124968.000000,1.010465,-5.656215,8.432905,6.076865,4.299165,-0.012000,24.620000
2147968.000000,0.144465,-4.424215,9.586905,5.850865,4.461165,-0.078000,24.720000
2170968.000000,-1.039535,-2.586215,10.456905,4.968865,4.055165,-0.050000,24.720000
2193968.000000,-1.889535,-1.256215,10.168905,4.212865,3.563165,0.048000,24.620000
2216968.000000,-2.451535,-0.250215,9.188905,4.078865,3.545165,0.172000,24.580000
2239968.000000,-3.417535,1.247785,8.490905,4.208865,3.753165,0.322000,24.670000
2262968.000000,-4.083535,2.233785,8.084905,4.452865,3.991165,0.488000,24.580000
2285968.000000,-4.621535,3.087785,7.580905,4.844865,4.141165,0.616000,24.670000
2308968.000000,-5.173535,3.831785,7.184905,5.100865,4.195165,0.736000,24.620000
2331968.000000,-5.489535,4.153785,7.048905,4.800865,3.809165,0.716000,24.620000
2354968.000000,-5.651535,4.533785,6.694905,3.864865,2.939165,0.608000,24.720000
2377968.000000,-5.797535,5.311785,5.718905,2.782865,1.807165,0.548000,24.720000
2400968.000000,-5.739535,5.291785,4.916905,1.804865,0.935165,0.492000,24.670000
2423968.000000,-5.465535,4.965785,4.980905,0.710865,0.079165,0.330000,24.770000
2446968.000000,-5.363535,4.957785,5.762905,-0.829135,-0.982835,0.144000,24.670000
2469968.000000,-5.333535,4.979785,6.412905,-2.495135,-2.076835,0.048000,24.580000
2492968.000000,-5.129535,4.477785,7.020905,-4.027135,-2.966835,-0.012000,24.720000
2515968.000000,-4.677535,3.621785,7.704905,-5.333135,-3.620835,-0.170000,24.720000
2538968.000000,-4.381535,2.865785,8.290905,-6.467135,-4.114835,-0.344000,24.620000
2561968.000000,-3.757535,1.665785,8.868905,-7.061135,-4.276835,-0.462000,24.620000
2584968.000000,-2.911535,0.113785,9.680905,-7.107135,-4.268835,-0.624000,24.620000
2607968.000000,-2.019535,-1.456215,10.266905,-6.803135,-4.150835,-0.822000,24.620000
2630968.000000,-1.263535,-2.518215,10.350905,-6.393135,-4.024835,-0.916000,24.670000
2653968.000000,-0.665535,-3.224215,10.098905,-5.737135,-3.798835,-0.896000,24.670000
2676968.000000,-0.343535,-3.512215,9.064905,-4.703135,-3.436835,-0.748000,24.720000
2699968.000000,0.072465,-3.930215,7.632905,-3.253135,-2.620835,-0.488000,24.720000
2722968.000000,0.518465,-4.584215,6.704905,-1.335135,-1.374835,-0.228000,24.720000
2745968.000000,0.810465,-5.108215,6.554905,0.712865,-0.004835,-0.050000,24.720000
2768968.000000,0.962465,-5.310215,7.088905,2.230865,1.097165,0.076000,24.670000
2791968.000000,0.942465,-5.176215,8.152905,2.882865,1.661165,0.174000,24.770000
2814968.000000,0.544465,-4.610215,9.006905,3.008865,1.841165,0.280000,24.670000
2837968.000000,0.126465,-3.960215,9.258905,3.138865,1.959165,0.358000,24.670000
2860968.000000,-0.559535,-2.962215,9.278905,3.474865,2.273165,0.420000,24.620000
2883968.000000,-1.257535,-2.040215,9.426905,4.106865,2.769165,0.442000,24.720000
2906968.000000,-2.079535,-0.806215,9.528905,5.022865,3.437165,0.456000,24.620000
2929968.000000,-2.709535,0.107785,9.962905,5.822865,3.983165,0.398000,24.620000
2952968.000000,-3.445535,1.361785,10.478905,5.820865,3.997165,0.350000,24.720000
2975968.000000,-4.019535,2.701785,10.262905,5.162865,3.505165,0.364000,24.670000
2998968.000000,-4.395535,3.711785,9.372905,4.502865,2.999165,0.442000,24.670000
3021968.000000,-4.563535,4.045785,8.516905,3.818865,2.411165,0.468000,24.670000
3044968.000000,-4.729535,4.585785,7.162905,3.188865,1.933165,0.478000,24.670000
3067968.000000,-4.737535,4.883785,6.112905,2.722865,1.581165,0.446000,24.720000
3090968.000000,-4.735535,5.025785,5.784905,2.204865,1.207165,0.390000,24.620000
3113968.000000,-4.699535,5.079785,5.838905,1.384865,0.621165,0.300000,24.720000
3136968.000000,-4.553535,5.201785,5.802905,0.142865,-0.148835,0.184000,24.620000
3159968.000000,-4.561535,5.263785,6.146905,-1.381135,-1.174835,0.080000,24.770000
3182968.000000,-4.617535,5.117785,6.578905,-2.871135,-2.102835,0.072000,24.770000
3205968.000000,-4.267535,4.753785,7.164905,-3.941135,-2.794835,0.074000,24.670000
3228968.000000,-3.991535,4.317785,7.534905,-4.735135,-3.400835,0.106000,24.670000
3251968.000000,-3.423535,3.293785,7.592905,-5.109135,-3.538835,0.168000,24.810000
3274968.000000,-2.449535,1.927785,8.468905,-5.289135,-3.374835,0.128000,24.720000
3297968.000000,-1.609535,0.755785,9.232905,-5.393135,-3.406835,-0.032000,24.720000
3320968.000000,-1.077535,-0.446215,9.322905,-5.539135,-3.482835,-0.192000,24.720000
3343968.000000,-0.449535,-1.718215,9.138905,-5.509135,-3.368835,-0.332000,24.620000
3366968.000000,0.034465,-2.620215,9.332905,-5.371135,-3.244835,-0.418000,24.720000
3389968.000000,0.524465,-3.656215,9.198905,-4.927135,-3.142835,-0.452000,24.670000
3412968.000000,1.128465,-4.678215,8.930905,-4.311135,-2.842835,-0.430000,24.580000
3435968.000000,1.618465,-5.580215,8.624905,-3.749135,-2.530835,-0.366000,24.720000
3458968.000000,2.146465,-6.570215,8.300905,-3.395135,-2.212835,-0.224000,24.620000
3481968.000000,2.260465,-7.256215,7.694905,-2.929135,-1.876835,-0.098000,24.620000
3504968.000000,2.504465,-7.118215,6.978905,-2.317135,-1.440835,0.118000,24.620000
3527968.000000,2.646465,-7.298215,5.982905,-1.651135,-0.880835,0.316000,24.770000
3550968.000000,2.632465,-7.368215,5.440905,-1.093135,-0.244835,0.470000,24.770000
3573968.000000,2.532465,-6.678215,5.342905,-0.349135,0.321165,0.576000,24.670000
3596968.000000,2.562465,-6.028215,5.386905,0.664865,0.979165,0.720000,24.670000
3619968.000000,2.120465,-6.280215,5.512905,1.802865,1.925165,0.864000,24.620000
3642968.000000,1.796465,-6.384215,6.240905,2.782865,2.739165,0.998000,24.720000
3665968.000000,1.540465,-6.226215,7.108905,3.356865,3.005165,1.058000,24.620000
3688968.000000,1.060465,-5.846215,7.734905,3.570865,3.123165,1.076000,24.810000
3711968.000000,0.556465,-5.446215,8.524905,3.824865,3.119165,1.112000,24.720000
3734968.000000,0.036465,-4.826215,9.294905,4.074865,2.841165,1.092000,24.580000
3757968.000000,-0.853535,-3.320215,9.760905,4.192865,2.427165,1.056000,24.670000
3780968.000000,-1.777535,-1.648215,9.978905,4.460865,2.305165,1.132000,24.670000
3803968.000000,-2.645535,-0.248215,10.078905,4.804865,2.189165,1.268000,24.670000
3826968.000000,-3.489535,1.183785,9.968905,4.726865,1.975165,1.398000,24.720000
3849968.000000,-3.749535,2.081785,10.210905,4.086865,1.615165,1.444000,24.720000
3872968.000000,-3.475535,2.531785,10.680905,3.068865,1.065165,1.416000,24.720000
3895968.000000,-2.797535,2.441785,11.072905,1.802865,0.389165,1.292000,24.720000
3918968.000000,-1.803535,1.845785,11.514905,0.508865,-0.294835,1.044000,24.670000
3941968.000000,-0.525535,0.777785,12.080905,-0.523135,-0.942835,0.638000,24.670000
3964968.000000,0.376465,0.309785,12.130905,-1.261135,-1.590835,0.176000,24.670000
3987968.000000,0.872465,-0.174215,12.054905,-1.675135,-2.072835,-0.300000,24.580000
4010968.000000,1.032465,-0.354215,11.698905,-1.833135,-2.478835,-0.764000,24.720000
4033968.000000,1.198465,-0.106215,11.086905,-1.999135,-2.662835,-1.208000,24.720000
4056968.000000,0.686465,-0.048215,10.924905,-2.291135,-2.692835,-1.518000,24.720000
4079968.000000,0.336465,-0.014215,10.598905,-2.725135,-2.810835,-1.664000,24.720000
4102968.000000,0.222465,-0.274215,9.960905,-3.131135,-2.778835,-1.656000,24.720000
4125968.000000,0.344465,-0.876215,9.640905,-3.301135,-2.520835,-1.594000,24.720000
4148968.000000,0.218465,-1.846215,9.778905,-3.249135,-2.292835,-1.480000,24.670000
4171968.000000,0.554465,-2.766215,9.390905,-3.001135,-2.058835,-1.400000,24.670000
4194968.000000,0.664465,-3.410215,8.902905,-2.603135,-1.716835,-1.366000,24.720000
4217968.000000,0.448465,-3.612215,8.808905,-1.977135,-1.280835,-1.300000,24.620000
4240968.000000,-0.019535,-3.386215,8.692905,-1.131135,-0.794835,-1.078000,24.720000
4263968.000000,-0.417535,-3.388215,8.350905,-0.067135,-0.208835,-0.740000,24.720000
4286968.000000,-0.617535,-3.152215,8.146905,0.924865,0.499165,-0.438000,24.670000
4309968.000000,-1.277535,-2.770215,8.328905,1.578865,1.153165,-0.134000,24.770000
4332968.000000,-1.651535,-2.526215,8.290905,2.054865,1.645165,0.214000,24.670000
4355968.000000,-1.833535,-2.956215,8.246905,2.486865,2.143165,0.500000,24.770000
4378968.000000,-2.065535,-2.830215,8.774905,2.418865,2.493165,0.610000,24.720000
4401968.000000,-2.671535,-2.406215,9.422905,1.792865,2.187165,0.694000,24.720000
4424968.000000,-2.645535,-2.146215,9.508905,1.420865,1.845165,0.816000,24.720000
4447968.000000,-2.661535,-2.026215,9.666905,1.368865,1.707165,0.928000,24.720000
4470968.000000,-2.541535,-1.770215,9.886905,1.372865,1.571165,0.988000,24.720000
4493968.000000,-2.459535,-1.544215,10.140905,1.726865,1.429165,1.082000,24.670000
4516968.000000,-2.441535,-0.950215,10.572905,2.638865,1.585165,1.272000,24.670000
4539968.000000,-2.403535,-0.350215,10.530905,3.728865,1.867165,1.520000,24.770000
4562968.000000,-2.259535,0.459785,10.092905,4.782865,2.213165,1.712000,24.670000
4585968.000000,-2.323535,1.929785,9.702905,5.680865,2.543165,1.820000,24.810000
4608968.000000,-2.427535,3.595785,8.706905,6.202865,2.745165,1.914000,24.810000
4631968.000000,-2.229535,4.943785,7.112905,6.066865,2.875165,1.912000,24.720000
4654968.000000,-2.113535,5.909785,6.130905,5.168865,2.805165,1.744000,24.620000
4677968.000000,-2.045535,6.729785,5.622905,3.540865,2.397165,1.478000,24.770000
4700968.000000,-1.857535,6.999785,5.036905,1.798865,1.829165,1.248000,24.670000
4723968.000000,-1.615535,6.783785,4.578905,0.344865,1.419165,1.046000,24.770000
4746968.000000,-1.527535,6.299785,4.428905,-0.747135,1.191165,0.926000,24.580000
4769968.000000,-1.591535,6.087785,4.442905,-1.601135,1.121165,0.958000,24.720000
4792968.000000,-0.675535,5.647785,4.538905,-2.263135,1.321165,0.936000,24.620000
4815968.000000,-0.449535,5.013785,5.158905,-3.101135,1.663165,0.760000,24.620000
4838968.000000,-0.067535,4.049785,5.816905,-4.119135,1.865165,0.408000,24.620000
4861968.000000,0.244465,3.105785,6.550905,-5.075135,1.845165,-0.120000,24.720000
4884968.000000,0.136465,2.221785,8.146905,-5.493135,1.833165,-0.706000,24.720000
4907968.000000,-0.827535,1.325785,9.390905,-5.475135,1.517165,-1.132000,24.670000
4930968.000000,-1.103535,0.165785,9.908905,-5.425135,1.045165,-1.528000,24.670000
4953968.000000,-1.557535,-1.196215,10.814905,-5.427135,0.587165,-1.924000,24.720000
4976968.000000,-2.005535,-2.286215,11.904905,-5.383135,0.131165,-2.300000,24.720000
4999968.000000,-1.901535,-3.396215,11.620905,-5.345135,-0.412835,-2.614000,24.620000
5022968.000000,-1.427535,-4.840215,11.324905,-5.191135,-0.778835,-2.854000,24.720000
5045968.000000,-1.057535,-5.672215,11.512905,-4.747135,-1.102835,-2.956000,24.480000
5068968.000000,-0.671535,-5.622215,11.202905,-4.239135,-1.458835,-2.828000,24.670000
5091968.000000,0.232465,-6.226215,9.816905,-3.865135,-1.668835,-2.510000,24.580000
5114968.000000,2.018465,-6.630215,7.842905,-3.865135,-1.746835,-2.346000,24.670000
5137968.000000,2.402465,-7.478215,6.888905,-4.179135,-0.968835,-2.420000,24.720000
5160968.000000,1.270465,-10.104215,6.470905,-4.223135,0.355165,-2.300000,24.620000
5183968.000000,1.902465,-11.526215,6.392905,-3.625135,0.921165,-1.958000,24.620000
5206968.000000,1.864465,-12.180215,6.080905,-2.653135,1.323165,-1.672000,24.620000
5229968.000000,0.662465,-12.744215,7.070905,-1.527135,1.741165,-1.398000,24.720000
5252968.000000,0.184465,-12.368215,7.038905,-0.223135,1.361165,-0.922000,24.670000
5275968.000000,1.386465,-10.446215,6.330905,0.716865,0.505165,-0.652000,24.670000
5298968.000000,0.930465,-10.066215,5.754905,1.166865,0.357165,-0.766000,24.670000
5321968.000000,0.588465,-9.498215,5.696905,1.382865,0.401165,-0.922000,24.670000
5344968.000000,0.400465,-9.050215,5.388905,1.594865,0.383165,-0.930000,24.620000
5367968.000000,0.360465,-8.726215,5.182905,1.642865,0.303165,-0.968000,24.620000
5390968.000000,0.234465,-8.356215,5.160905,1.764865,0.225165,-0.962000,24.620000
5413968.000000,0.030465,-7.754215,4.568905,1.934865,0.367165,-0.828000,24.720000
5436968.000000,-0.183535,-7.384215,4.636905,2.114865,0.543165,-0.670000,24.670000
5459968.000000,-0.419535,-7.210215,4.798905,2.492865,0.813165,-0.502000,24.670000
5482968.000000,-0.759535,-7.054215,5.344905,3.242865,1.371165,-0.304000,24.670000
5505968.000000,-1.605535,-6.348215,5.866905,3.918865,2.067165,-0.160000,24.670000
5528967.000000,-2.761535,-5.448215,7.140905,4.272865,2.467165,-0.060000,24.530000
5551968.000000,-3.809535,-4.638215,8.400905,4.660865,2.725165,0.104000,24.720000
5574968.000000,-5.145535,-4.002215,9.552905,4.694865,2.331165,0.174000,24.720000
5597968.000000,-4.707535,-2.300215,11.020905,4.186865,1.869165,0.168000,24.620000
5620968.000000,-5.529535,-1.036215,10.922905,3.662865,1.697165,0.238000,24.720000
5643968.000000,-5.915535,-0.414215,10.800905,3.466865,1.565165,0.426000,24.620000
5666968.000000,-6.257535,0.227785,10.322905,3.014865,1.495165,0.480000,24.670000
5689968.000000,-6.465535,1.337785,9.772905,2.280865,1.653165,0.514000,24.770000
5712968.000000,-8.173535,1.525785,8.268905,1.724865,1.483165,0.652000,24.720000
5735968.000000,-7.903535,1.401785,7.858905,1.422865,1.157165,0.870000,24.620000
5758968.000000,-7.451535,1.549785,7.102905,1.170865,1.373165,0.964000,24.620000
5781968.000000,-7.431535,1.609785,6.624905,0.784865,1.657165,1.010000,24.720000
5804968.000000,-7.193535,1.149785,6.456905,0.718865,1.897165,1.080000,24.670000
5827968.000000,-6.997535,0.569785,6.500905,0.632865,2.033165,1.006000,24.670000
5850968.000000,-6.761535,0.225785,6.780905,0.022865,1.907165,0.612000,24.670000
5873968.000000,-6.731535,0.055785,6.916905,-0.841135,1.087165,0.102000,24.670000
5896968.000000,-6.411535,0.123785,6.744905,-1.347135,0.185165,-0.228000,24.620000
5919968.000000,-6.059535,0.247785,6.610905,-1.773135,-0.294835,-0.506000,24.620000
5942968.000000,-5.517535,0.113785,6.608905,-2.111135,-0.598835,-0.726000,24.720000
5965968.000000,-5.269535,-0.040215,6.696905,-2.083135,-0.912835,-0.728000,24.720000
5988968.000000,-5.269535,-0.206215,6.930905,-1.907135,-0.880835,-0.548000,24.720000
6011968.000000,-5.047535,-0.764215,7.408905,-1.777135,-0.796835,-0.454000,24.580000
6034968.000000,-4.695535,-1.156215,7.486905,-1.615135,-0.870835,-0.376000,24.770000
6057968.000000,-4.695535,-1.204215,7.872905,-1.401135,-0.870835,-0.220000,24.770000
6080968.000000,-4.679535,-1.190215,8.128905,-1.357135,-1.052835,-0.110000,24.770000
6103968.000000,-4.209535,-1.500215,8.196905,-1.417135,-1.320835,-0.044000,24.620000
6126968.000000,-3.525535,-1.798215,8.302905,-1.441135,-1.598835,0.072000,24.720000
6149968.000000,-2.843535,-1.948215,8.426905,-1.393135,-1.714835,0.236000,24.720000
6172968.000000,-2.033535,-2.056215,8.398905,-1.519135,-1.876835,0.332000,24.620000
6195968.000000,-1.061535,-2.600215,8.596905,-1.715135,-2.024835,0.408000,24.670000
6218968.000000,-0.149535,-3.378215,8.898905,-1.939135,-2.344835,0.404000,24.670000
6241968.000000,1.118465,-4.156215,8.540905,-2.149135,-2.684835,0.318000,24.770000
6264968.000000,2.336465,-4.504215,8.016905,-2.335135,-2.952835,0.236000,24.670000
6287968.000000,3.374465,-5.126215,7.664905,-2.111135,-2.902835,0.378000,24.620000
6310968.000000,4.034465,-5.678215,8.266905,-1.639135,-2.654835,0.424000,24.720000
6333967.000000,4.960465,-5.584215,7.458905,-1.171135,-2.418835,0.424000,24.530000
6356967.000000,5.420465,-5.100215,7.100905,-0.443135,-1.772835,0.656000,24.530000
6379968.000000,5.884465,-5.342215,7.008905,0.742865,-0.700835,1.100000,24.620000
6402968.000000,6.078465,-6.344215,7.974905,1.838865,0.589165,1.186000,24.620000
6425968.000000,5.576465,-5.698215,8.240905,2.542865,1.293165,0.958000,24.670000
6448968.000000,4.368465,-4.068215,8.380905,2.754865,1.983165,0.658000,24.770000
6471968.000000,2.824465,-3.044215,8.910905,2.234865,2.385165,0.200000,24.720000
6494968.000000,1.196465,-2.778215,10.752905,1.162865,2.323165,-0.562000,24.720000
6517968.000000,-0.013535,-1.644215,10.850905,-0.283135,1.363165,-1.402000,24.620000
6540968.000000,0.072465,-1.544215,9.434905,-1.557135,0.851165,-1.958000,24.720000
6563968.000000,0.180465,-2.436215,9.408905,-2.371135,0.779165,-2.276000,24.670000
6586968.000000,0.414465,-3.344215,9.694905,-2.547135,0.803165,-2.454000,24.670000
6609968.000000,0.710465,-3.582215,8.404905,-2.551135,0.757165,-2.524000,24.670000
6632968.000000,0.804465,-3.258215,7.176905,-2.223135,1.175165,-2.278000,24.670000
6655968.000000,-0.021535,-2.916215,7.682905,-1.281135,1.989165,-1.468000,24.620000
6678968.000000,-1.063535,-2.224215,8.626905,0.400865,2.765165,-0.212000,24.620000
6701968.000000,-2.281535,-2.094215,8.936905,2.106865,3.447165,1.164000,24.620000
6724968.000000,-3.693535,-1.858215,9.704905,3.710865,4.089165,2.414000,24.720000
6747968.000000,-5.029535,-1.618215,10.768905,4.960865,4.405165,3.412000,24.720000
6770968.000000,-6.061535,-1.566215,11.240905,5.600865,4.187165,3.892000,24.670000
6793968.000000,-6.789535,-2.302215,11.430905,5.074865,3.495165,3.468000,24.580000
6816968.000000,-7.035535,-2.154215,11.310905,3.756865,1.957165,2.256000,24.670000
6839968.000000,-7.369535,-1.558215,10.918905,1.884865,0.051165,0.584000,24.670000
6862968.000000,-7.875535,-0.934215,10.344905,-0.361135,-1.924835,-1.356000,24.720000
6885968.000000,-8.057535,-0.334215,9.664905,-2.519135,-3.628835,-3.140000,24.620000
6908968.000000,-7.561535,0.119785,8.528905,-3.915135,-4.822835,-4.236000,24.620000
6931968.000000,-6.623535,0.291785,7.580905,-4.567135,-4.970835,-4.630000,24.810000
6954968.000000,-5.061535,0.017785,6.520905,-4.281135,-4.424835,-4.128000,24.670000
6977968.000000,-3.189535,-0.862215,5.820905,-3.027135,-3.076835,-2.784000,24.670000
7000968.000000,-1.857535,-2.320215,5.850905,-1.315135,-1.366835,-1.114000,24.670000
7023968.000000,-1.621535,-3.516215,6.378905,0.074865,0.267165,0.274000,24.670000
7046968.000000,-2.437535,-4.112215,7.288905,1.184865,1.337165,1.444000,24.620000
7069967.000000,-3.949535,-4.134215,8.262905,2.194865,2.225165,2.460000,24.530000
7092968.000000,-5.687535,-3.844215,8.804905,3.250865,2.897165,3.352000,24.620000
7115968.000000,-7.415535,-2.776215,8.934905,4.122865,3.333165,3.926000,24.720000
7138968.000000,-9.047535,-1.190215,8.468905,4.436865,3.117165,4.044000,24.620000
7161968.000000,-9.781535,0.603785,7.040905,4.528865,2.969165,4.010000,24.620000
7184968.000000,-10.421535,2.101785,6.034905,4.398865,2.859165,3.922000,24.670000
7207968.000000,-10.961535,3.403785,5.460905,3.626865,2.319165,3.442000,24.670000
7230968.000000,-10.653535,4.249785,4.202905,2.230865,1.341165,2.658000,24.620000
7253968.000000,-9.601535,4.869785,2.910905,1.386865,0.867165,2.294000,24.720000
7276968.000000,-9.015535,5.039785,2.522905,1.308865,0.977165,2.370000,24.620000
7299968.000000,-8.251535,4.959785,1.988905,0.958865,0.961165,2.148000,24.720000
7322968.000000,-7.293535,5.095785,0.780905,-0.013135,0.751165,1.586000,24.670000
7345968.000000,-6.661535,4.929785,0.438905,-1.017135,0.799165,1.028000,24.580000
7368968.000000,-7.077535,4.441785,1.832905,-1.973135,1.083165,0.468000,24.670000
7391968.000000,-7.495535,3.917785,3.330905,-3.321135,0.841165,-0.410000,24.580000
7414968.000000,-7.527535,3.241785,4.282905,-4.633135,0.209165,-1.318000,24.720000
7437968.000000,-7.591535,1.729785,5.920905,-5.227135,-0.122835,-1.998000,24.720000
7460968.000000,-7.539535,-0.134215,7.364905,-5.453135,-0.606835,-2.778000,24.810000
7483968.000000,-6.645535,-2.016215,7.444905,-5.487135,-1.442835,-3.660000,24.620000
7506968.000000,-5.629535,-3.956215,7.232905,-5.223135,-2.028835,-4.322000,24.620000
7529968.000000,-5.297535,-5.214215,7.856905,-4.347135,-2.082835,-4.444000,24.580000
7552968.000000,-5.049535,-5.362215,7.798905,-2.871135,-1.950835,-3.824000,24.670000
7575968.000000,-4.521535,-4.746215,7.042905,-1.145135,-1.508835,-2.456000,24.670000
7598968.000000,-4.131535,-4.000215,6.666905,0.512865,-0.712835,-0.742000,24.770000
7621968.000000,-3.811535,-3.018215,6.394905,2.076865,0.031165,1.080000,24.720000
7644968.000000,-3.039535,-2.288215,5.490905,3.584865,1.033165,2.888000,24.720000
7667968.000000,-2.699535,-1.992215,5.562905,4.604865,2.037165,4.182000,24.620000
7690968.000000,-2.955535,-1.322215,6.260905,4.964865,2.675165,4.710000,24.720000
7713968.000000,-3.273535,-0.268215,6.452905,4.632865,2.769165,4.640000,24.670000
7736968.000000,-3.525535,0.193785,6.692905,3.488865,2.653165,3.934000,24.670000
7759968.000000,-3.769535,0.165785,7.194905,1.132865,1.837165,2.270000,24.770000
7782968.000000,-3.715535,-0.296215,8.144905,-1.847135,0.631165,-0.010000,24.670000
7805968.000000,-3.375535,-1.172215,8.700905,-4.489135,-0.792835,-2.318000,24.720000
7828968.000000,-2.763535,-2.154215,9.166905,-6.495135,-1.888835,-4.274000,24.720000
7851968.000000,-1.915535,-2.464215,9.092905,-7.561135,-2.638835,-5.426000,24.620000
7874968.000000,-1.143535,-2.532215,8.572905,-7.203135,-2.718835,-5.318000,24.720000
7897968.000000,-0.273535,-2.706215,7.208905,-5.539135,-1.980835,-3.926000,24.620000
7920968.000000,-0.031535,-2.986215,6.922905,-3.221135,-0.410835,-1.660000,24.720000
7943968.000000,-0.481535,-3.496215,7.228905,-0.377135,1.319165,0.962000,24.670000
7966968.000000,-1.807535,-3.884215,8.040905,2.174865,2.937165,3.088000,24.670000
7989968.000000,-3.957535,-3.200215,9.376905,3.960865,4.149165,4.496000,24.720000
8012968.000000,-6.275535,-1.216215,10.508905,5.330865,4.775165,5.488000,24.720000
8035968.000000,-7.977535,0.669785,10.380905,6.302865,5.001165,6.022000,24.720000
8058968.000000,-9.105535,1.715785,10.318905,5.484865,4.539165,5.070000,24.720000
8081968.000000,-9.685535,1.831785,10.528905,2.792865,2.801165,2.736000,24.770000
8104968.000000,-10.509535,0.897785,10.376905,-0.015135,1.043165,-0.068000,24.580000
8127968.000000,-11.857535,0.137785,11.670905,-3.005135,-0.308835,-3.156000,24.670000
8150968.000000,-12.413535,-0.984215,12.416905,-5.185135,-1.998835,-5.578000,24.580000
8173968.000000,-12.297535,-2.950215,12.224905,-5.561135,-2.708835,-6.294000,24.620000
8196968.000000,-12.149535,-5.070215,12.332905,-3.703135,-2.176835,-5.398000,24.620000
8219968.000000,-11.033535,-6.826215,12.216905,-1.291135,-1.730835,-3.812000,24.620000
8242968.000000,-8.961535,-9.620215,10.720905,1.254865,-1.530835,-2.064000,24.720000
8265968.000000,-7.727535,-11.416215,9.932905,2.976865,-1.300835,-0.954000,24.620000
8288968.000000,-7.021535,-11.526215,9.350905,4.130865,-1.438835,-0.360000,24.670000
8311968.000000,-6.459535,-10.900215,8.442905,4.876865,-1.622835,-0.006000,24.580000
8334968.000000,-5.665535,-9.814215,7.272905,5.300865,-1.842835,0.128000,24.670000
8357968.000000,-5.013535,-7.850215,6.068905,5.270865,-2.216835,0.068000,24.580000
8380968.000000,-4.057535,-6.198215,4.920905,4.916865,-2.296835,-0.070000,24.720000
8403968.000000,-3.229535,-4.268215,3.934905,4.460865,-2.410835,-0.302000,24.620000
8426968.000000,-2.271535,-1.810215,2.350905,3.668865,-2.546835,-0.620000,24.620000
8449968.000000,-1.157535,0.113785,0.764905,2.610865,-2.422835,-0.926000,24.720000
8472968.000000,-0.303535,1.555785,-1.027095,1.348865,-2.006835,-1.192000,24.670000
8495968.000000,-0.687535,2.813785,-1.963095,-0.151135,-1.332835,-1.376000,24.580000
8518968.000000,-1.555535,2.935785,-1.697095,-1.853135,-0.736835,-1.562000,24.670000
8541968.000000,-2.055535,2.061785,-0.855095,-3.291135,-0.348835,-1.754000,24.580000
8564968.000000,-2.559535,1.177785,0.330905,-4.303135,0.005165,-1.822000,24.620000
8587968.000000,-3.391535,0.335785,1.852905,-4.621135,0.321165,-1.518000,24.620000
8610968.000000,-3.581535,-1.236215,3.272905,-4.445135,0.555165,-1.148000,24.620000
8633968.000000,-2.869535,-2.448215,3.336905,-3.857135,0.629165,-0.804000,24.720000
8656968.000000,-2.863535,-3.508215,3.990905,-3.287135,1.087165,-0.486000,24.620000
8679968.000000,-3.349535,-4.488215,4.728905,-2.943135,1.257165,-0.366000,24.620000
8702968.000000,-3.299535,-5.494215,5.838905,-2.805135,1.301165,-0.470000,24.670000
8725968.000000,-2.429535,-6.196215,6.106905,-2.079135,1.255165,-0.296000,24.670000
8748968.000000,-2.765535,-6.750215,6.418905,-0.739135,1.913165,0.364000,24.620000
8771968.000000,-4.435535,-6.254215,7.594905,0.830865,2.689165,1.256000,24.720000
8794968.000000,-5.913535,-5.564215,8.826905,2.388865,3.241165,2.356000,24.620000
8817968.000000,-7.011535,-5.652215,9.638905,3.898865,3.681165,3.258000,24.620000
8840968.000000,-8.797535,-5.060215,10.880905,4.356865,3.817165,3.254000,24.670000
8863968.000000,-10.327535,-3.456215,12.726905,3.672865,2.851165,2.488000,24.580000
8886968.000000,-10.167535,-2.060215,11.884905,2.444865,1.289165,1.552000,24.670000
8909968.000000,-9.793535,-1.552215,11.334905,0.908865,0.327165,0.498000,24.580000
8932968.000000,-9.691535,-1.208215,10.720905,-1.003135,-0.554835,-0.762000,24.620000
8955968.000000,-9.563535,-1.234215,10.392905,-2.783135,-1.278835,-1.852000,24.620000
8978968.000000,-8.903535,-2.094215,9.852905,-4.071135,-1.618835,-2.680000,24.720000
9001968.000000,-7.917535,-3.576215,10.014905,-4.621135,-1.726835,-3.278000,24.620000
9024968.000000,-6.917535,-4.684215,9.886905,-4.323135,-1.846835,-3.376000,24.580000
9047968.000000,-6.667535,-5.846215,10.094905,-3.483135,-1.834835,-2.894000,24.770000
9070968.000000,-6.581535,-7.810215,10.596905,-2.097135,-1.644835,-1.886000,24.670000
9093968.000000,-5.853535,-10.058215,11.072905,-0.499135,-1.272835,-0.832000,24.670000
9116968.000000,-5.705535,-11.398215,11.120905,0.944865,-0.942835,0.110000,24.670000
9139968.000000,-6.055535,-12.042215,11.292905,2.176865,-0.636835,0.818000,24.620000
9162968.000000,-5.879535,-11.918215,10.916905,3.446865,-0.344835,1.512000,24.620000
9185968.000000,-5.463535,-10.392215,9.806905,4.444865,-0.076835,2.104000,24.620000
9208968.000000,-5.425535,-8.080215,8.650905,4.968865,-0.136835,2.608000,24.620000
9231968.000000,-4.913535,-5.956215,7.442905,5.180865,-0.182835,3.058000,24.580000
9254968.000000,-4.069535,-4.564215,6.084905,5.070865,-0.122835,3.314000,24.580000
9277968.000000,-3.463535,-3.282215,5.588905,4.196865,-0.244835,2.830000,24.580000
9300968.000000,-2.349535,-2.128215,4.870905,2.582865,-1.052835,1.640000,24.670000
9323968.000000,-1.657535,-1.776215,3.426905,0.492865,-1.446835,0.096000,24.620000
9346968.000000,-1.923535,-2.166215,3.160905,-1.825135,-1.380835,-1.722000,24.620000
9369968.000000,-2.355535,-2.258215,4.114905,-3.805135,-1.644835,-3.596000,24.620000
9392968.000000,-1.951535,-1.472215,4.396905,-4.561135,-2.226835,-4.422000,24.620000
9415968.000000,-1.779535,-0.838215,3.754905,-4.027135,-1.784835,-3.978000,24.720000
9438968.000000,-1.747535,-0.124215,4.262905,-2.459135,-0.876835,-2.548000,24.580000
9461968.000000,-1.487535,0.375785,4.524905,-0.443135,-0.262835,-0.652000,24.580000
9484968.000000,-1.325535,0.681785,4.242905,1.246865,0.399165,1.132000,24.580000
9507968.000000,-1.581535,0.381785,3.948905,2.296865,1.223165,2.340000,24.620000
9530968.000000,-1.895535,-0.034215,4.346905,2.682865,1.535165,2.806000,24.620000
9553968.000000,-2.325535,-0.186215,4.452905,2.298865,1.333165,2.402000,24.620000
9576967.000000,-2.273535,-0.010215,4.504905,1.150865,0.887165,1.424000,24.530000
9599968.000000,-2.435535,-0.136215,4.800905,-0.337135,0.413165,0.396000,24.670000
9622968.000000,-2.519535,-1.164215,5.190905,-2.233135,0.035165,-0.850000,24.580000
9645968.000000,-3.061535,-2.250215,6.234905,-4.145135,-0.182835,-2.154000,24.580000
9668968.000000,-2.975535,-2.734215,7.680905,-5.221135,-0.534835,-2.798000,24.580000
9691968.000000,-2.171535,-3.920215,8.200905,-4.841135,-0.666835,-2.390000,24.620000
9714967.000000,-1.297535,-5.300215,7.580905,-3.413135,-0.176835,-1.280000,24.530000
9737968.000000,-1.597535,-5.868215,7.952905,-1.537135,0.705165,0.070000,24.720000
9760968.000000,-2.115535,-6.444215,8.748905,0.404865,1.221165,1.504000,24.620000
9783968.000000,-2.401535,-7.866215,8.770905,1.838865,1.751165,2.452000,24.580000
9806968.000000,-3.659535,-8.334215,9.520905,2.302865,2.151165,2.364000,24.580000
9829968.000000,-5.255535,-7.724215,10.722905,1.832865,1.997165,1.436000,24.580000
9852968.000000,-6.061535,-6.938215,11.114905,1.042865,1.417165,0.408000,24.580000
9875968.000000,-6.073535,-6.530215,11.036905,0.126865,0.981165,-0.560000,24.670000
9898968.000000,-6.277535,-6.172215,10.714905,-0.921135,0.601165,-1.476000,24.620000
9921968.000000,-6.461535,-5.696215,10.436905,-1.783135,0.423165,-1.962000,24.620000
9944967.000000,-6.291535,-5.394215,10.440905,-2.075135,0.255165,-1.832000,24.530000
9967968.000000,-5.657535,-5.670215,9.840905,-1.661135,0.239165,-1.152000,24.620000
9990968.000000,-5.899535,-5.514215,9.258905,-0.769135,0.589165,-0.116000,24.670000
10013968.000000,-6.667535,-5.284215,9.424905,0.382865,0.937165,1.102000,24.480000
10036968.000000,-7.343535,-5.602215,9.636905,1.382865,0.985165,2.052000,24.580000
10059968.000000,-8.111535,-6.094215,9.742905,1.816865,0.799165,2.332000,24.670000
10082968.000000,-9.021535,-6.128215,10.058905,1.564865,0.219165,1.912000,24.620000
10105968.000000,-9.039535,-6.102215,9.476905,0.760865,-0.632835,0.972000,24.620000
10128968.000000,-8.857535,-5.788215,8.504905,-0.321135,-1.220835,-0.126000,24.620000
10151967.000000,-8.855535,-5.754215,7.800905,-1.411135,-1.436835,-1.220000,24.530000
10174968.000000,-8.093535,-6.134215,6.824905,-2.015135,-1.538835,-2.048000,24.620000
10197968.000000,-6.689535,-6.384215,5.976905,-2.009135,-1.428835,-2.328000,24.670000
10220968.000000,-5.763535,-6.708215,5.468905,-1.403135,-1.190835,-2.028000,24.580000
10243968.000000,-5.095535,-7.074215,5.290905,-0.381135,-1.006835,-1.322000,24.580000
10266968.000000,-4.569535,-7.130215,4.994905,0.924865,-0.964835,-0.244000,24.620000
10289968.000000,-4.433535,-6.984215,4.740905,2.120865,-0.770835,0.896000,24.620000
10312967.000000,-5.075535,-6.760215,4.612905,2.786865,-0.492835,1.562000,24.530000
10335968.000000,-5.461535,-6.520215,4.974905,3.060865,-0.272835,1.786000,24.620000
10358968.000000,-5.397535,-5.936215,5.110905,3.086865,-0.250835,1.640000,24.670000
10381968.000000,-5.291535,-4.618215,4.986905,2.818865,-0.312835,1.268000,24.580000
10404968.000000,-5.023535,-3.030215,5.006905,2.328865,-0.420835,0.970000,24.670000
10427968.000000,-4.293535,-1.936215,4.940905,1.850865,-0.582835,0.878000,24.580000
10450968.000000,-3.359535,-0.880215,4.748905,1.396865,-0.650835,0.870000,24.620000
10473968.000000,-2.505535,-0.056215,4.782905,1.006865,-0.598835,1.000000,24.620000
10496968.000000,-1.395535,0.253785,5.040905,0.684865,-0.432835,1.180000,24.720000
10519967.000000,-0.515535,0.433785,5.554905,0.428865,-0.294835,1.310000,24.530000
10542968.000000,0.286465,0.367785,6.516905,0.180865,-0.264835,1.274000,24.670000
10565968.000000,1.722465,0.097785,7.122905,-0.053135,-0.564835,1.154000,24.670000
10588968.000000,3.446465,-0.026215,7.098905,-0.285135,-0.922835,1.000000,24.580000
10611968.000000,4.726465,-0.410215,7.170905,-0.471135,-1.064835,0.842000,24.580000
10634968.000000,5.362465,-1.020215,7.622905,-0.577135,-0.906835,0.622000,24.620000
10657968.000000,5.024465,-1.172215,8.246905,-0.567135,-0.540835,0.430000,24.620000
10680967.000000,3.372465,-0.804215,9.420905,-0.577135,-0.066835,0.236000,24.530000
10703968.000000,1.484465,-0.866215,10.946905,-0.595135,0.285165,0.022000,24.620000
10726967.000000,0.224465,-1.172215,12.092905,-0.559135,0.349165,-0.182000,24.530000
10749968.000000,-0.413535,-1.378215,12.248905,-0.509135,0.147165,-0.332000,24.580000
10772968.000000,-0.645535,-1.708215,11.946905,-0.457135,0.001165,-0.422000,24.580000
10795968.000000,-0.701535,-2.250215,11.684905,-0.331135,0.053165,-0.468000,24.670000
10818968.000000,-0.799535,-2.596215,11.348905,-0.205135,0.149165,-0.512000,24.580000
10841968.000000,-0.769535,-2.506215,10.676905,-0.087135,0.323165,-0.510000,24.620000
10864968.000000,-0.935535,-2.304215,10.454905,0.050865,0.651165,-0.474000,24.620000
10887968.000000,-1.101535,-2.240215,10.510905,0.044865,0.673165,-0.516000,24.620000
10910968.000000,-0.783535,-2.630215,9.936905,-0.175135,0.453165,-0.694000,24.620000
10933967.000000,-0.681535,-3.020215,9.344905,-0.333135,0.415165,-0.874000,24.530000
10956968.000000,-1.445535,-3.330215,9.954905,-0.295135,0.651165,-0.998000,24.580000
10979968.000000,-2.131535,-3.756215,10.356905,-0.331135,0.593165,-1.190000,24.670000
11002968.000000,-2.567535,-4.114215,9.928905,-0.277135,0.669165,-1.344000,24.670000
11025968.000000,-3.539535,-3.862215,9.818905,-0.007135,0.911165,-1.334000,24.620000
11048967.000000,-4.747535,-3.408215,10.234905,0.228865,1.043165,-1.258000,24.530000
11071968.000000,-3.667535,-4.782215,9.548905,0.416865,0.449165,-0.966000,24.620000
11094967.000000,-3.573535,-4.144215,8.004905,0.448865,0.117165,-0.796000,24.530000
11117968.000000,-3.999535,-3.820215,7.806905,0.546865,0.115165,-0.624000,24.580000
11140968.000000,-4.425535,-3.912215,8.008905,0.560865,0.027165,-0.488000,24.580000
11163968.000000,-4.457535,-3.974215,7.422905,0.580865,-0.162835,-0.366000,24.580000
11186968.000000,-6.307535,-2.282215,7.208905,0.400865,0.169165,-0.492000,24.580000
11209968.000000,-7.137535,-2.580215,8.058905,0.376865,0.257165,-0.422000,24.620000
11232967.000000,-7.341535,-2.702215,8.104905,0.314865,-0.012835,-0.362000,24.530000
11255967.000000,-7.311535,-2.468215,7.662905,0.304865,-0.276835,-0.300000,24.530000
11278968.000000,-7.333535,-2.334215,7.652905,0.296865,-0.342835,-0.222000,24.620000
11301968.000000,-7.257535,-2.152215,7.594905,0.362865,-0.448835,-0.076000,24.580000
11324968.000000,-7.013535,-2.240215,7.698905,0.446865,-0.388835,0.058000,24.670000
11347968.000000,-6.891535,-2.074215,7.796905,0.462865,-0.286835,0.186000,24.580000
11370968.000000,-6.851535,-1.860215,8.054905,0.448865,-0.126835,0.346000,24.770000
11393967.000000,-6.911535,-1.682215,8.420905,0.402865,-0.078835,0.536000,24.530000
11416967.000000,-6.843535,-1.780215,8.894905,0.334865,-0.112835,0.678000,24.530000
11439967.000000,-6.883535,-1.674215,9.252905,0.244865,-0.248835,0.810000,24.530000
11462968.000000,-6.577535,-1.718215,9.340905,0.204865,-0.318835,0.972000,24.620000
11485967.000000,-6.111535,-1.860215,9.172905,0.178865,-0.314835,1.112000,24.530000
11508968.000000,-5.589535,-2.146215,9.072905,0.164865,-0.254835,1.198000,24.580000
11531968.000000,-5.133535,-2.338215,8.960905,0.140865,-0.204835,1.226000,24.580000
11554968.000000,-4.563535,-2.418215,8.752905,0.090865,-0.118835,1.208000,24.580000
11577968.000000,-4.153535,-2.340215,8.616905,0.000865,-0.082835,1.164000,24.580000
11600967.000000,-3.747535,-2.300215,8.492905,-0.089135,-0.136835,1.114000,24.530000
11623968.000000,-3.195535,-2.166215,8.246905,-0.191135,-0.178835,1.056000,24.620000
11646968.000000,-2.729535,-1.902215,8.354905,-0.285135,-0.222835,1.038000,24.620000
11669967.000000,-2.059535,-1.920215,8.120905,-0.337135,-0.262835,1.050000,24.530000
11692968.000000,-1.497535,-1.942215,8.020905,-0.357135,-0.244835,1.048000,24.620000
11715968.000000,-1.025535,-1.738215,8.346905,-0.385135,-0.254835,1.038000,24.580000
11738968.000000,-0.403535,-1.538215,8.514905,-0.413135,-0.374835,1.028000,24.580000
11761968.000000,0.508465,-1.492215,8.358905,-0.473135,-0.508835,0.966000,24.580000
11784968.000000,1.318465,-1.362215,8.558905,-0.533135,-0.598835,0.860000,24.720000
11807968.000000,2.042465,-1.274215,8.804905,-0.577135,-0.682835,0.752000,24.620000
11830967.000000,2.612465,-1.338215,9.140905,-0.625135,-0.698835,0.604000,24.530000
11853968.000000,2.888465,-1.406215,9.726905,-0.657135,-0.690835,0.424000,24.720000
11876968.000000,2.982465,-1.438215,10.228905,-0.661135,-0.652835,0.242000,24.580000
11899968.000000,2.896465,-1.390215,10.586905,-0.623135,-0.566835,0.080000,24.580000
11922968.000000,2.544465,-1.290215,11.048905,-0.571135,-0.440835,-0.050000,24.580000
11945968.000000,2.090465,-1.196215,11.518905,-0.475135,-0.344835,-0.122000,24.480000
11968968.000000,1.718465,-1.248215,11.872905,-0.385135,-0.292835,-0.200000,24.720000
11991968.000000,1.398465,-1.394215,12.144905,-0.283135,-0.304835,-0.302000,24.620000
12014968.000000,1.094465,-1.582215,12.516905,-0.151135,-0.404835,-0.394000,24.620000
12037968.000000,0.910465,-1.926215,13.016905,-0.031135,-0.634835,-0.504000,24.620000
12060968.000000,1.130465,-2.474215,13.136905,0.026865,-0.936835,-0.680000,24.580000
12083968.000000,1.302465,-2.862215,13.184905,0.126865,-1.104835,-0.842000,24.580000
12106968.000000,1.188465,-2.962215,13.410905,0.284865,-1.110835,-0.910000,24.580000
12129968.000000,1.004465,-3.016215,13.910905,0.416865,-1.052835,-0.894000,24.580000
12152968.000000,1.034465,-3.210215,14.124905,0.550865,-0.968835,-0.842000,24.620000
12175968.000000,1.026465,-3.572215,14.174905,0.716865,-0.842835,-0.784000,24.620000
12198967.000000,0.792465,-3.780215,14.122905,0.910865,-0.748835,-0.742000,24.530000
12221967.000000,0.608465,-3.818215,13.790905,1.112865,-0.760835,-0.712000,24.530000
12244968.000000,0.526465,-3.858215,12.668905,1.226865,-0.822835,-0.764000,24.580000
12267968.000000,0.336465,-3.486215,11.172905,1.274865,-0.820835,-0.870000,24.670000
12290968.000000,-0.027535,-2.418215,9.470905,1.304865,-0.728835,-0.936000,24.580000
12313968.000000,-0.279535,-1.162215,7.776905,1.320865,-0.550835,-0.876000,24.580000
12336968.000000,-0.367535,-0.156215,6.148905,1.266865,-0.334835,-0.746000,24.580000
12359967.000000,-0.429535,0.761785,4.752905,1.160865,-0.118835,-0.598000,24.530000
12382967.000000,-0.559535,1.483785,3.696905,1.030865,0.133165,-0.418000,24.530000
12405967.000000,-0.747535,1.773785,3.090905,0.842865,0.369165,-0.232000,24.530000
12428967.000000,-0.989535,1.803785,2.772905,0.604865,0.517165,-0.092000,24.530000
12451967.000000,-1.169535,1.685785,2.494905,0.270865,0.573165,-0.046000,24.530000
12474968.000000,-1.221535,1.475785,2.456905,-0.051135,0.601165,-0.026000,24.580000
12497968.000000,-1.245535,1.345785,2.668905,-0.327135,0.607165,0.008000,24.580000
12520968.000000,-1.349535,1.243785,3.144905,-0.521135,0.641165,0.116000,24.670000
12543967.000000,-1.265535,0.813785,3.798905,-0.709135,0.691165,0.248000,24.530000
12566967.000000,-1.097535,0.253785,4.828905,-0.905135,0.721165,0.330000,24.530000
12589968.000000,-0.951535,-0.202215,5.894905,-1.065135,0.679165,0.382000,24.620000
12612968.000000,-0.777535,-0.710215,6.790905,-1.189135,0.607165,0.428000,24.620000
12635968.000000,-0.585535,-1.230215,7.726905,-1.281135,0.525165,0.444000,24.580000
12658968.000000,-0.475535,-1.472215,8.610905,-1.385135,0.403165,0.394000,24.670000
12681968.000000,-0.405535,-1.566215,9.172905,-1.457135,0.305165,0.366000,24.580000
12704968.000000,-0.553535,-1.684215,9.670905,-1.465135,0.385165,0.398000,24.580000
12727968.000000,-0.687535,-1.862215,10.374905,-1.439135,0.527165,0.450000,24.620000
12750967.000000,-0.655535,-2.098215,11.264905,-1.463135,0.599165,0.444000,24.530000
12773968.000000,-0.685535,-2.398215,12.148905,-1.443135,0.649165,0.448000,24.620000
12796967.000000,-0.873535,-2.796215,13.008905,-1.247135,0.777165,0.524000,24.530000
12819968.000000,-0.775535,-3.150215,13.898905,-0.873135,0.923165,0.594000,24.580000
12842968.000000,-0.895535,-3.166215,14.774905,-0.609135,0.871165,0.562000,24.670000
12865968.000000,-1.039535,-3.158215,14.864905,-0.393135,0.737165,0.492000,24.670000
12888968.000000,-1.135535,-3.104215,14.484905,-0.167135,0.669165,0.400000,24.580000
12911968.000000,-1.131535,-2.808215,13.972905,-0.041135,0.545165,0.232000,24.620000
12934967.000000,-1.331535,-2.312215,13.338905,-0.149135,0.287165,0.026000,24.530000
12957968.000000,-1.443535,-2.138215,12.636905,-0.171135,0.151165,-0.080000,24.620000
12980968.000000,-1.545535,-2.098215,12.064905,-0.145135,0.111165,-0.146000,24.620000
13003968.000000,-1.713535,-2.034215,11.944905,-0.139135,0.053165,-0.206000,24.580000
13026968.000000,-1.923535,-2.140215,12.074905,-0.109135,-0.042835,-0.230000,24.480000
13049968.000000,-2.105535,-2.454215,12.222905,-0.109135,-0.174835,-0.254000,24.670000
13072968.000000,-2.081535,-2.788215,12.184905,-0.073135,-0.290835,-0.290000,24.580000
13095968.000000,-2.047535,-2.898215,12.312905,0.028865,-0.394835,-0.286000,24.580000
13118967.000000,-1.763535,-3.134215,12.208905,0.088865,-0.528835,-0.266000,24.530000
13141968.000000,-1.417535,-3.370215,11.986905,0.012865,-0.678835,-0.326000,24.620000
13164967.000000,-1.039535,-3.648215,11.714905,0.028865,-0.748835,-0.364000,24.530000
13187968.000000,-0.665535,-3.800215,11.196905,0.136865,-0.696835,-0.358000,24.620000
13210968.000000,-0.267535,-3.898215,10.396905,0.248865,-0.540835,-0.346000,24.620000
13233968.000000,-0.089535,-3.682215,9.444905,0.444865,-0.262835,-0.300000,24.580000
13256968.000000,-0.003535,-3.390215,8.540905,0.714865,0.125165,-0.196000,24.670000
13279968.000000,-0.205535,-3.028215,7.934905,0.766865,0.395165,-0.196000,24.580000
13302967.000000,-0.477535,-2.664215,7.348905,0.642865,0.529165,-0.294000,24.530000
13325967.000000,-0.823535,-2.350215,6.832905,0.500865,0.609165,-0.398000,24.530000
13348968.000000,-1.085535,-2.088215,6.344905,0.376865,0.637165,-0.482000,24.620000
13371968.000000,-1.349535,-1.764215,5.856905,0.134865,0.549165,-0.574000,24.620000
13394968.000000,-1.323535,-1.474215,4.974905,0.024865,0.551165,-0.530000,24.580000
13417968.000000,-1.175535,-1.338215,4.268905,-0.059135,0.639165,-0.416000,24.580000
13440968.000000,-1.165535,-1.402215,4.196905,-0.237135,0.725165,-0.354000,24.480000
13463968.000000,-1.315535,-1.642215,4.544905,-0.603135,0.689165,-0.434000,24.580000
13486968.000000,-1.529535,-1.848215,4.754905,-0.949135,0.727165,-0.574000,24.620000
13509968.000000,-1.963535,-1.896215,5.402905,-1.365135,0.911165,-0.752000,24.620000
13532967.000000,-2.723535,-2.102215,6.618905,-1.791135,0.877165,-0.898000,24.530000
13555968.000000,-3.105535,-2.316215,7.166905,-2.079135,0.691165,-0.916000,24.620000
13578968.000000,-3.179535,-3.124215,7.360905,-2.355135,0.629165,-0.878000,24.580000
13601968.000000,-3.091535,-4.040215,7.866905,-2.469135,0.683165,-0.748000,24.580000
13624968.000000,-3.089535,-5.314215,8.228905,-2.369135,0.685165,-0.594000,24.580000
13647968.000000,-3.235535,-6.372215,8.282905,-2.179135,0.901165,-0.512000,24.580000
13670967.000000,-3.729535,-7.282215,8.566905,-1.925135,1.107165,-0.438000,24.530000
13693967.000000,-4.431535,-7.688215,8.818905,-1.415135,1.197165,-0.174000,24.530000
13716967.000000,-5.419535,-7.962215,8.990905,-0.963135,0.789165,0.168000,24.530000
13739968.000000,-5.791535,-7.988215,8.674905,-0.767135,0.357165,0.388000,24.620000
13762968.000000,-5.591535,-7.678215,8.430905,-0.677135,-0.034835,0.552000,24.580000
13785968.000000,-5.139535,-7.658215,8.064905,-0.645135,-0.366835,0.674000,24.580000
13808968.000000,-4.469535,-7.748215,7.476905,-0.801135,-0.582835,0.662000,24.580000
13831968.000000,-3.553535,-7.946215,6.922905,-0.933135,-0.064835,0.456000,24.580000
13854968.000000,-3.239535,-7.774215,6.938905,-0.945135,0.399165,0.186000,24.620000
13877967.000000,-3.105535,-7.824215,6.952905,-0.897135,0.325165,0.084000,24.530000
13900968.000000,-2.945535,-8.160215,6.876905,-0.847135,0.489165,-0.004000,24.440000
13923967.000000,-2.387535,-8.318215,7.128905,-0.739135,0.727165,-0.240000,24.530000
13946967.000000,-2.123535,-8.276215,6.982905,-0.599135,1.003165,-0.610000,24.530000
13969968.000000,-2.077535,-8.132215,6.544905,-0.393135,1.525165,-0.764000,24.620000
13992968.000000,-2.435535,-8.338215,5.896905,-0.267135,2.469165,-0.858000,24.670000
14015968.000000,-2.563535,-8.254215,5.512905,-0.307135,3.269165,-0.938000,24.580000
14038968.000000,-4.131535,-7.782215,4.368905,-0.525135,3.907165,-1.008000,24.480000
14061968.000000,-5.155535,-7.714215,4.278905,-0.727135,4.065165,-0.732000,24.620000
14084967.000000,-5.665535,-8.002215,3.944905,-0.995135,3.909165,-0.152000,24.530000
14107968.000000,-5.679535,-7.996215,3.390905,-1.381135,3.849165,0.642000,24.620000
14130968.000000,-6.143535,-7.614215,2.868905,-1.725135,3.747165,1.592000,24.620000
14153968.000000,-5.793535,-7.816215,2.658905,-1.871135,3.735165,2.538000,24.580000
14176968.000000,-6.365535,-7.180215,1.298905,-2.021135,3.733165,3.368000,24.580000
14199968.000000,-6.415535,-6.356215,0.132905,-2.123135,3.957165,4.004000,24.580000
14222968.000000,-6.791535,-5.942215,-1.049095,-2.145135,4.095165,4.364000,24.580000
14245968.000000,-7.871535,-5.354215,-2.505095,-2.031135,4.227165,4.260000,24.620000
14268968.000000,-8.307535,-4.528215,-3.987095,-1.927135,4.009165,3.728000,24.620000
14291967.000000,-8.417535,-3.728215,-5.765095,-2.005135,4.007165,3.666000,24.530000
14314967.000000,-8.729535,-3.654215,-6.401095,-2.025135,3.695165,3.504000,24.530000
14337968.000000,-8.601535,-2.954215,-6.915095,-1.871135,3.303165,3.198000,24.580000
14360968.000000,-7.499535,-1.562215,-7.573095,-1.883135,2.937165,3.184000,24.480000
14383968.000000,-7.097535,-0.312215,-7.641095,-2.053135,3.009165,4.076000,24.580000
14406968.000000,-5.961535,-0.266215,-6.837095,-2.021135,2.903165,4.678000,24.580000
14429967.000000,-5.291535,0.513785,-7.187095,-1.849135,2.877165,5.018000,24.530000
14452968.000000,-4.607535,1.669785,-7.533095,-1.699135,2.747165,5.388000,24.620000
14475968.000000,-4.211535,2.017785,-7.429095,-1.499135,2.577165,6.090000,24.620000
14498967.000000,-3.367535,2.355785,-7.605095,-1.135135,2.051165,6.630000,24.530000
14521968.000000,-2.913535,3.455785,-8.157095,-0.793135,1.261165,6.794000,24.580000
14544968.000000,-2.357535,4.657785,-8.621095,-0.719135,0.091165,7.078000,24.670000
14567968.000000,-1.337535,4.467785,-9.061095,-0.635135,-1.062835,7.324000,24.580000
14590968.000000,-0.301535,3.877785,-9.503095,-0.445135,-1.994835,6.908000,24.670000
14613968.000000,0.146465,4.143785,-9.895095,-0.389135,-2.778835,6.054000,24.620000
14636967.000000,-0.023535,4.545785,-10.155095,-0.561135,-3.638835,5.406000,24.530000
14659968.000000,0.412465,2.881785,-10.175095,-0.667135,-4.228835,4.838000,24.620000
14682967.000000,0.744465,2.221785,-10.043095,-0.923135,-4.520835,3.772000,24.530000
14705967.000000,0.530465,2.507785,-9.859095,-1.343135,-4.976835,2.614000,24.530000
14728967.000000,-0.261535,2.967785,-9.299095,-1.931135,-5.360835,1.462000,24.530000
14751968.000000,-0.275535,2.853785,-8.919095,-2.631135,-5.472835,0.064000,24.580000
14774968.000000,-0.755535,4.579785,-8.553095,-3.621135,-5.388835,-1.676000,24.580000
14797968.000000,-2.493535,6.033785,-7.315095,-4.525135,-5.266835,-3.004000,24.580000
14820968.000000,-3.935535,6.495785,-5.833095,-5.341135,-5.260835,-4.132000,24.620000
14843968.000000,-5.371535,6.329785,-4.129095,-6.049135,-5.546835,-5.308000,24.620000
14866968.000000,-6.701535,6.479785,-2.625095,-6.343135,-5.652835,-6.030000,24.620000
14889967.000000,-8.239535,5.837785,-0.503095,-6.243135,-5.636835,-6.212000,24.530000
14912968.000000,-8.825535,4.489785,0.912905,-6.091135,-5.812835,-6.314000,24.580000
14935968.000000,-8.463535,2.869785,1.760905,-6.037135,-5.784835,-6.454000,24.580000
14958968.000000,-7.163535,1.005785,2.792905,-5.593135,-5.130835,-5.976000,24.480000
14981968.000000,-5.811535,-1.428215,3.876905,-4.999135,-4.084835,-5.324000,24.580000
15004968.000000,-4.153535,-3.380215,3.096905,-4.505135,-2.464835,-4.740000,24.620000
15027967.000000,-4.295535,-4.718215,3.366905,-4.001135,-0.178835,-4.200000,24.530000
15050967.000000,-5.083535,-5.194215,3.872905,-3.459135,1.557165,-3.410000,24.530000
15073967.000000,-5.287535,-5.712215,3.714905,-3.271135,2.735165,-2.846000,24.530000
15096968.000000,-5.349535,-6.284215,3.738905,-3.477135,3.063165,-2.628000,24.480000
15119968.000000,-5.823535,-6.814215,4.282905,-3.591135,2.559165,-2.066000,24.580000
15142968.000000,-5.465535,-8.092215,3.482905,-3.669135,1.657165,-0.858000,24.480000
15165968.000000,-5.307535,-9.588215,2.404905,-3.617135,1.731165,-0.126000,24.480000
15188967.000000,-5.755535,-10.584215,1.306905,-3.369135,1.679165,0.658000,24.530000
15211967.000000,-6.299535,-10.598215,0.190905,-3.083135,2.121165,1.650000,24.530000
15234967.000000,-6.603535,-10.096215,-0.499095,-2.943135,2.685165,2.510000,24.530000
15257968.000000,-6.253535,-8.882215,-1.513095,-2.921135,3.055165,2.956000,24.620000
15280968.000000,-6.085535,-7.784215,-2.513095,-2.973135,2.879165,3.718000,24.580000
15303968.000000,-6.475535,-6.818215,-3.427095,-3.083135,2.823165,4.346000,24.580000
15326968.000000,-6.835535,-5.904215,-4.355095,-3.053135,2.557165,4.836000,24.670000
15349968.000000,-7.597535,-5.536215,-4.961095,-2.899135,2.177165,5.330000,24.580000
15372968.000000,-8.001535,-5.002215,-5.223095,-2.493135,1.723165,5.920000,24.620000
15395967.000000,-8.145535,-3.878215,-5.391095,-1.877135,1.041165,6.708000,24.530000
15418967.000000,-7.709535,-2.540215,-5.895095,-1.169135,0.343165,7.434000,24.530000
15441967.000000,-7.875535,-1.230215,-6.181095,-0.451135,-0.374835,8.110000,24.530000
15464967.000000,-7.199535,-0.274215,-6.689095,0.248865,-1.114835,8.346000,24.530000
15487968.000000,-7.527535,1.281785,-6.877095,0.816865,-1.964835,8.254000,24.620000
15510968.000000,-7.431535,1.861785,-7.091095,1.132865,-2.804835,7.890000,24.580000
15533968.000000,-6.525535,1.983785,-7.405095,1.216865,-3.596835,7.180000,24.580000
15556968.000000,-4.919535,2.291785,-7.935095,1.060865,-4.220835,5.908000,24.670000
15579968.000000,-4.497535,3.763785,-7.981095,0.688865,-4.632835,4.574000,24.620000
15602967.000000,-3.615535,4.253785,-7.881095,0.060865,-4.834835,3.042000,24.530000
15625967.000000,-2.641535,5.305785,-7.749095,-0.747135,-4.714835,1.294000,24.530000
15648967.000000,-3.043535,6.505785,-6.855095,-1.563135,-4.358835,-0.248000,24.530000
15671968.000000,-4.001535,7.115785,-5.567095,-2.293135,-4.002835,-1.348000,24.480000
15694968.000000,-4.575535,6.783785,-4.131095,-2.935135,-3.746835,-2.434000,24.670000
15717968.000000,-4.831535,6.577785,-3.097095,-3.551135,-3.624835,-3.480000,24.580000
15740968.000000,-5.733535,5.991785,-1.529095,-4.151135,-3.594835,-4.454000,24.480000
15763968.000000,-6.411535,4.903785,0.070905,-4.587135,-3.400835,-5.354000,24.620000
15786968.000000,-6.757535,2.887785,2.120905,-4.815135,-3.350835,-6.418000,24.620000
15809967.000000,-7.069535,1.289785,3.784905,-4.899135,-3.904835,-7.346000,24.530000
15832967.000000,-8.101535,0.363785,3.944905,-4.933135,-4.368835,-7.510000,24.530000
15855968.000000,-8.449535,-0.622215,4.590905,-4.625135,-3.836835,-6.532000,24.580000
15878968.000000,-7.891535,-2.702215,4.936905,-4.133135,-3.732835,-5.138000,24.480000
15901968.000000,-7.279535,-4.388215,4.610905,-3.641135,-3.304835,-3.592000,24.580000
15924968.000000,-6.775535,-5.668215,4.250905,-3.197135,-2.298835,-2.148000,24.580000
15947967.000000,-5.623535,-6.728215,5.004905,-2.739135,-1.384835,-1.112000,24.530000
15970967.000000,-4.359535,-7.852215,4.632905,-2.277135,-1.356835,-0.464000,24.530000
15993968.000000,-3.829535,-8.598215,4.336905,-1.691135,-0.668835,0.112000,24.620000
16016968.000000,-4.033535,-7.604215,3.968905,-1.247135,-0.086835,0.804000,24.620000
16039968.000000,-3.829535,-6.922215,3.548905,-0.927135,0.521165,1.642000,24.670000
16062968.000000,-4.129535,-7.468215,3.884905,-0.395135,1.131165,2.520000,24.480000
16085968.000000,-4.847535,-8.366215,5.100905,0.188865,1.061165,2.844000,24.580000
16108968.000000,-5.355535,-6.616215,4.964905,0.292865,0.371165,2.682000,24.580000
16131968.000000,-5.355535,-5.806215,5.134905,0.302865,-0.480835,2.494000,24.620000
16154967.000000,-5.705535,-6.152215,6.332905,0.572865,-1.438835,2.352000,24.530000
16177967.000000,-5.905535,-6.498215,7.772905,0.930865,-2.476835,2.006000,24.530000
16200968.000000,-5.665535,-5.310215,7.454905,1.030865,-2.868835,1.534000,24.620000
16223968.000000,-5.547535,-5.286215,8.270905,1.186865,-3.078835,1.272000,24.620000
16246968.000000,-5.135535,-5.788215,9.214905,1.500865,-3.076835,1.006000,24.620000
16269968.000000,-4.423535,-5.382215,9.146905,1.656865,-2.804835,0.542000,24.580000
16292968.000000,-3.819535,-3.964215,8.582905,1.456865,-2.374835,0.050000,24.580000
16315968.000000,-3.795535,-3.240215,9.166905,1.216865,-1.976835,-0.176000,24.580000
16338968.000000,-3.717535,-3.230215,10.230905,1.138865,-1.520835,-0.320000,24.620000
16361967.000000,-3.955535,-2.930215,10.870905,1.086865,-1.116835,-0.492000,24.530000
16384968.000000,-4.229535,-2.652215,11.322905,0.936865,-0.782835,-0.648000,24.620000
16407967.000000,-4.343535,-2.212215,11.452905,0.830865,-0.526835,-0.722000,24.530000
16430968.000000,-4.755535,-1.746215,11.682905,0.822865,-0.390835,-0.680000,24.580000
16453968.000000,-4.807535,-1.640215,11.544905,0.848865,-0.292835,-0.576000,24.670000
16476968.000000,-4.845535,-1.650215,11.470905,0.816865,-0.334835,-0.480000,24.580000
16499968.000000,-4.869535,-1.660215,11.578905,0.830865,-0.478835,-0.354000,24.670000
16522968.000000,-4.779535,-2.080215,11.666905,0.902865,-0.594835,-0.224000,24.620000
16545968.000000,-4.505535,-2.542215,11.750905,0.974865,-0.618835,-0.204000,24.620000
16568967.000000,-4.749535,-2.384215,11.910905,0.956865,-0.646835,-0.232000,24.530000
16591967.000000,-5.035535,-2.152215,12.016905,0.966865,-0.676835,-0.200000,24.530000
16614968.000000,-5.167535,-1.828215,11.856905,1.032865,-0.684835,-0.082000,24.580000
16637968.000000,-5.071535,-1.588215,11.782905,1.142865,-0.656835,0.078000,24.580000
16660968.000000,-4.655535,-1.436215,11.280905,1.266865,-0.684835,0.234000,24.670000
16683968.000000,-4.039535,-1.270215,10.498905,1.374865,-0.694835,0.326000,24.480000
16706967.000000,-3.447535,-0.918215,9.660905,1.444865,-0.692835,0.386000,24.530000
16729968.000000,-2.887535,-0.650215,8.750905,1.468865,-0.720835,0.442000,24.620000
16752967.000000,-2.263535,-0.396215,7.764905,1.458865,-0.800835,0.476000,24.530000
16775967.000000,-1.613535,-0.028215,6.640905,1.386865,-0.812835,0.482000,24.530000
16798968.000000,-0.973535,0.309785,5.526905,1.246865,-0.792835,0.464000,24.580000
16821968.000000,-0.447535,0.639785,4.592905,1.052865,-0.680835,0.420000,24.580000
16844968.000000,-0.123535,0.951785,3.988905,0.878865,-0.514835,0.382000,24.580000
16867968.000000,-0.043535,1.103785,3.536905,0.684865,-0.288835,0.338000,24.580000
16890968.000000,0.272465,1.009785,3.320905,0.476865,-0.204835,0.282000,24.620000
16913968.000000,0.084465,1.107785,3.290905,0.238865,-0.068835,0.210000,24.620000
16936967.000000,-0.147535,1.227785,3.412905,-0.001135,0.015165,0.160000,24.530000
16959968.000000,-0.375535,1.327785,3.656905,-0.225135,0.167165,0.126000,24.440000
16982968.000000,-0.489535,1.437785,4.146905,-0.411135,0.347165,0.116000,24.620000
17005968.000000,-1.135535,1.607785,5.068905,-0.607135,0.543165,0.102000,24.620000
17028968.000000,-1.319535,1.435785,5.808905,-0.777135,0.543165,0.106000,24.580000
17051968.000000,-1.475535,1.181785,6.518905,-0.943135,0.559165,0.096000,24.580000
17074967.000000,-1.503535,0.843785,7.188905,-1.143135,0.481165,0.056000,24.530000
17097968.000000,-1.561535,0.457785,7.890905,-1.349135,0.363165,-0.016000,24.620000
17120967.000000,-1.605535,0.189785,8.544905,-1.525135,0.223165,-0.078000,24.530000
17143968.000000,-1.471535,-0.056215,9.208905,-1.693135,0.075165,-0.128000,24.620000
17166968.000000,-1.183535,-0.426215,9.658905,-1.759135,-0.022835,-0.148000,24.620000
17189968.000000,-1.257535,-0.614215,10.300905,-1.711135,-0.050835,-0.118000,24.580000
17212968.000000,-1.359535,-0.780215,10.792905,-1.645135,-0.152835,-0.042000,24.580000
17235968.000000,-1.035535,-1.192215,10.856905,-1.593135,-0.200835,0.038000,24.580000
17258968.000000,-0.795535,-1.742215,11.044905,-1.479135,-0.146835,0.094000,24.580000
17281967.000000,-0.813535,-2.074215,11.292905,-1.363135,-0.116835,0.126000,24.530000
17304967.000000,-0.661535,-2.422215,11.330905,-1.273135,-0.112835,0.160000,24.530000
17327967.000000,-0.353535,-2.964215,11.458905,-1.189135,-0.054835,0.168000,24.530000
17350968.000000,-0.305535,-3.462215,11.742905,-1.015135,0.027165,0.152000,24.620000
17373968.000000,-0.423535,-3.710215,11.926905,-0.797135,0.131165,0.128000,24.580000
17396968.000000,-0.401535,-3.850215,12.092905,-0.615135,0.173165,0.104000,24.480000
17419968.000000,-0.159535,-3.934215,11.886905,-0.431135,0.231165,0.056000,24.580000
17442968.000000,-0.109535,-3.684215,11.374905,-0.209135,0.335165,0.024000,24.580000
17465967.000000,-0.301535,-3.196215,11.100905,-0.001135,0.461165,0.032000,24.530000
17488967.000000,-0.595535,-2.572215,10.990905,0.122865,0.421165,0.064000,24.530000
17511967.000000,-0.869535,-2.246215,10.880905,0.174865,0.317165,0.084000,24.530000
17534967.000000,-1.107535,-2.152215,10.856905,0.176865,0.191165,0.070000,24.530000
17557968.000000,-1.221535,-2.172215,10.894905,0.158865,0.055165,0.032000,24.480000
17580968.000000,-1.163535,-2.330215,10.856905,0.126865,-0.036835,-0.016000,24.480000
17603968.000000,-0.955535,-2.716215,10.788905,0.154865,-0.020835,-0.076000,24.580000
17626968.000000,-0.839535,-2.936215,10.714905,0.222865,0.077165,-0.142000,24.580000
17649967.000000,-0.921535,-3.018215,11.098905,0.316865,0.181165,-0.200000,24.530000
17672967.000000,-1.061535,-3.088215,11.704905,0.426865,0.259165,-0.264000,24.530000
17695968.000000,-1.299535,-3.032215,12.328905,0.568865,0.265165,-0.328000,24.620000
17718967.000000,-1.629535,-2.854215,12.796905,0.722865,0.249165,-0.364000,24.530000
17741968.000000,-1.821535,-2.752215,13.226905,0.892865,0.219165,-0.384000,24.620000
17764968.000000,-1.875535,-2.726215,13.254905,1.086865,0.171165,-0.392000,24.620000
17787968.000000,-1.983535,-2.596215,13.056905,1.284865,0.123165,-0.402000,24.580000
17810968.000000,-2.073535,-2.472215,12.630905,1.460865,0.043165,-0.424000,24.670000
17833968.000000,-2.117535,-2.206215,12.114905,1.580865,-0.048835,-0.462000,24.620000
17856968.000000,-2.153535,-1.728215,11.568905,1.690865,-0.146835,-0.464000,24.620000
17879967.000000,-2.087535,-1.242215,11.032905,1.780865,-0.248835,-0.444000,24.530000
17902968.000000,-1.915535,-0.896215,10.356905,1.840865,-0.368835,-0.418000,24.620000
17925967.000000,-1.701535,-0.612215,9.494905,1.856865,-0.444835,-0.404000,24.530000
17948968.000000,-1.563535,-0.314215,8.642905,1.818865,-0.490835,-0.414000,24.580000
17971968.000000,-1.651535,-0.222215,7.788905,1.624865,-0.578835,-0.542000,24.580000
17994968.000000,-2.199535,0.117785,7.014905,1.324865,-0.654835,-0.732000,24.580000
18017968.000000,-3.183535,0.721785,6.544905,1.032865,-0.648835,-0.838000,24.580000
18040967.000000,-4.161535,1.159785,6.222905,0.710865,-0.680835,-0.856000,24.530000
18063967.000000,-5.055535,1.285785,6.032905,0.390865,-0.656835,-0.814000,24.530000
18086968.000000,-5.787535,1.479785,5.926905,0.224865,-0.546835,-0.642000,24.620000
18109968.000000,-6.253535,1.645785,5.852905,0.162865,-0.376835,-0.360000,24.620000
18132968.000000,-6.325535,1.595785,5.860905,0.106865,-0.174835,-0.076000,24.670000
18155968.000000,-6.265535,1.597785,6.086905,0.052865,0.053165,0.164000,24.580000
18178968.000000,-6.097535,1.605785,6.298905,0.004865,0.221165,0.374000,24.580000
18201968.000000,-5.861535,1.455785,6.482905,-0.035135,0.385165,0.566000,24.580000
18224967.000000,-5.477535,1.123785,6.676905,-0.103135,0.509165,0.710000,24.530000
18247967.000000,-4.907535,0.807785,6.776905,-0.263135,0.537165,0.776000,24.530000
18270967.000000,-4.215535,0.535785,6.766905,-0.417135,0.555165,0.826000,24.530000
18293968.000000,-3.343535,0.471785,6.732905,-0.537135,0.595165,0.900000,24.620000
18316968.000000,-2.277535,0.517785,6.846905,-0.745135,0.567165,0.966000,24.670000
18339968.000000,-1.023535,0.405785,7.086905,-1.019135,0.507165,0.992000,24.580000
18362968.000000,0.256465,-0.062215,7.408905,-1.275135,0.397165,0.964000,24.580000
18385968.000000,1.424465,-0.502215,7.840905,-1.427135,0.329165,0.910000,24.480000
18408968.000000,2.452465,-0.872215,8.300905,-1.541135,0.267165,0.830000,24.440000
18431968.000000,3.276465,-1.136215,8.778905,-1.557135,0.227165,0.738000,24.620000
18454967.000000,3.890465,-1.442215,9.154905,-1.455135,0.167165,0.650000,24.530000
18477967.000000,4.182465,-1.332215,9.344905,-1.269135,0.181165,0.574000,24.530000
18500968.000000,4.286465,-1.062215,9.720905,-1.141135,0.175165,0.486000,24.620000
18523967.000000,4.200465,-0.896215,10.492905,-1.051135,0.101165,0.382000,24.530000
18546968.000000,4.122465,-1.108215,10.930905,-0.939135,0.009165,0.268000,24.480000
18569968.000000,3.736465,-1.356215,10.966905,-0.761135,0.069165,0.146000,24.580000
18592967.000000,2.942465,-1.494215,11.464905,-0.591135,0.261165,0.032000,24.530000
18615968.000000,1.956465,-1.610215,12.212905,-0.427135,0.449165,-0.048000,24.620000
18638968.000000,1.000465,-2.082215,12.548905,-0.217135,0.607165,-0.110000,24.720000
18661967.000000,-0.079535,-2.354215,12.860905,0.006865,0.805165,-0.208000,24.530000
18684968.000000,-1.061535,-2.280215,13.236905,0.172865,0.871165,-0.314000,24.580000
18707968.000000,-1.737535,-2.176215,13.070905,0.308865,0.789165,-0.402000,24.580000
18730968.000000,-2.375535,-2.004215,12.296905,0.442865,0.693165,-0.476000,24.580000
18753968.000000,-2.983535,-1.606215,11.310905,0.552865,0.679165,-0.526000,24.580000
18776968.000000,-3.507535,-1.070215,10.432905,0.618865,0.683165,-0.528000,24.580000
18799967.000000,-3.943535,-0.514215,9.894905,0.596865,0.651165,-0.498000,24.530000
18822967.000000,-4.229535,-0.114215,9.444905,0.554865,0.579165,-0.446000,24.530000
18845967.000000,-4.379535,-0.032215,8.816905,0.508865,0.529165,-0.390000,24.530000
18868968.000000,-4.685535,0.007785,8.552905,0.440865,0.539165,-0.342000,24.440000
18891968.000000,-5.167535,-0.178215,8.908905,0.408865,0.499165,-0.296000,24.580000
18914968.000000,-5.475535,-0.374215,9.312905,0.426865,0.415165,-0.282000,24.580000
18937968.000000,-5.819535,-0.430215,9.628905,0.408865,0.325165,-0.308000,24.480000
18960968.000000,-6.173535,-0.228215,10.278905,0.372865,0.209165,-0.342000,24.580000
18983967.000000,-6.447535,0.129785,10.984905,0.350865,0.031165,-0.368000,24.530000
19006968.000000,-6.501535,0.635785,11.338905,0.296865,-0.174835,-0.368000,24.620000
19029968.000000,-6.697535,1.049785,11.562905,0.206865,-0.372835,-0.314000,24.620000
19052968.000000,-6.699535,1.065785,11.826905,0.182865,-0.576835,-0.186000,24.620000
19075968.000000,-6.477535,0.739785,11.950905,0.254865,-0.708835,-0.034000,24.480000
19098968.000000,-6.095535,0.245785,12.040905,0.380865,-0.818835,0.098000,24.580000
19121968.000000,-5.697535,-0.270215,11.874905,0.482865,-0.944835,0.166000,24.580000
19144968.000000,-5.287535,-0.832215,11.502905,0.574865,-1.078835,0.178000,24.580000
19167968.000000,-4.961535,-1.128215,10.970905,0.664865,-1.158835,0.152000,24.620000
19190967.000000,-4.553535,-1.194215,10.298905,0.738865,-1.216835,0.112000,24.530000
19213967.000000,-4.095535,-1.042215,9.392905,0.720865,-1.316835,0.050000,24.530000
19236967.000000,-3.655535,-0.858215,8.592905,0.626865,-1.394835,-0.012000,24.530000
19259968.000000,-3.183535,-0.556215,7.858905,0.566865,-1.370835,-0.038000,24.620000
19282968.000000,-2.623535,-0.264215,7.242905,0.516865,-1.280835,-0.042000,24.620000
19305968.000000,-2.111535,0.033785,6.818905,0.410865,-1.216835,-0.052000,24.480000
19328968.000000,-1.665535,0.271785,6.460905,0.284865,-1.152835,-0.058000,24.480000
19351967.000000,-1.143535,0.489785,5.844905,0.232865,-1.026835,-0.024000,24.530000
19374967.000000,-0.699535,0.679785,5.252905,0.202865,-0.828835,0.042000,24.530000
19397967.000000,-0.391535,0.943785,4.832905,0.188865,-0.570835,0.130000,24.530000
19420968.000000,-0.355535,1.321785,4.620905,0.110865,-0.328835,0.230000,24.620000
19443968.000000,-0.321535,1.501785,4.480905,-0.025135,-0.138835,0.364000,24.580000
19466968.000000,-0.177535,1.499785,4.422905,-0.145135,0.045165,0.514000,24.580000
19489968.000000,0.010465,1.459785,4.528905,-0.289135,0.261165,0.642000,24.480000
19512968.000000,0.114465,1.275785,4.922905,-0.493135,0.427165,0.736000,24.580000
19535968.000000,0.336465,0.837785,5.506905,-0.745135,0.513165,0.798000,24.440000
19558968.000000,0.734465,0.149785,6.284905,-0.923135,0.611165,0.818000,24.620000
19581967.000000,0.970465,-0.470215,7.318905,-1.035135,0.739165,0.766000,24.530000
19604967.000000,0.918465,-0.820215,8.678905,-1.113135,0.781165,0.692000,24.530000
19627967.000000,0.924465,-1.080215,9.834905,-1.157135,0.701165,0.628000,24.530000
19650968.000000,1.070465,-1.578215,10.668905,-1.123135,0.645165,0.548000,24.480000
19673968.000000,0.994465,-1.794215,11.426905,-1.013135,0.671165,0.424000,24.580000
19696968.000000,0.694465,-1.680215,12.074905,-0.919135,0.643165,0.318000,24.580000
19719968.000000,0.666465,-1.794215,12.338905,-0.845135,0.549165,0.220000,24.580000
19742967.000000,0.728465,-2.100215,12.384905,-0.777135,0.481165,0.080000,24.530000
19765967.000000,0.540465,-1.958215,12.668905,-0.627135,0.291165,-0.050000,24.530000
19788968.000000,0.330465,-1.688215,12.658905,-0.503135,0.117165,-0.142000,24.620000
19811967.000000,0.178465,-1.614215,12.606905,-0.379135,0.011165,-0.194000,24.530000
19834968.000000,-0.061535,-1.606215,12.494905,-0.219135,-0.004835,-0.242000,24.580000
19857968.000000,-0.567535,-1.422215,12.506905,-0.061135,0.005165,-0.284000,24.390000
19880968.000000,-0.877535,-1.256215,12.204905,0.034865,0.079165,-0.320000,24.580000
19903968.000000,-1.285535,-1.120215,11.834905,0.104865,0.059165,-0.322000,24.480000
19926967.000000,-1.489535,-1.002215,11.416905,0.166865,-0.000835,-0.312000,24.530000
19949967.000000,-1.509535,-0.866215,11.006905,0.220865,-0.056835,-0.290000,24.530000
19972967.000000,-1.403535,-0.728215,10.720905,0.252865,-0.122835,-0.248000,24.530000
19995967.000000,-1.251535,-0.802215,10.452905,0.258865,-0.134835,-0.218000,24.530000
20018967.000000,-1.005535,-0.846215,10.404905,0.298865,-0.080835,-0.216000,24.530000
20041967.000000,-0.929535,-0.856215,10.518905,0.310865,-0.032835,-0.238000,24.530000
20064968.000000,-1.031535,-0.866215,10.786905,0.296865,-0.048835,-0.260000,24.580000
20087968.000000,-1.075535,-0.964215,10.860905,0.292865,-0.100835,-0.274000,24.580000
20110967.000000,-1.153535,-1.140215,10.836905,0.326865,-0.140835,-0.272000,24.530000
20133967.000000,-1.307535,-1.338215,10.710905,0.380865,-0.170835,-0.272000,24.530000
20156967.000000,-1.667535,-1.392215,10.520905,0.408865,-0.208835,-0.266000,24.530000
20179967.000000,-1.875535,-1.404215,9.988905,0.382865,-0.284835,-0.268000,24.530000
20202968.000000,-2.035535,-1.428215,9.416905,0.328865,-0.322835,-0.284000,24.580000
20225968.000000,-2.313535,-1.316215,9.004905,0.284865,-0.322835,-0.296000,24.670000
20248968.000000,-2.573535,-1.166215,8.704905,0.214865,-0.324835,-0.290000,24.580000
20271968.000000,-2.529535,-1.098215,8.384905,0.150865,-0.326835,-0.300000,24.480000
20294967.000000,-2.585535,-0.932215,8.188905,0.126865,-0.258835,-0.296000,24.530000
20317967.000000,-2.697535,-0.718215,8.086905,0.138865,-0.152835,-0.252000,24.530000
20340967.000000,-2.719535,-0.534215,7.914905,0.144865,-0.052835,-0.176000,24.530000
20363967.000000,-2.575535,-0.404215,7.730905,0.120865,0.043165,-0.098000,24.530000
20386967.000000,-2.411535,-0.262215,7.530905,0.074865,0.125165,-0.008000,24.530000
20409968.000000,-2.155535,-0.200215,7.460905,0.006865,0.201165,0.088000,24.670000
20432968.000000,-1.827535,-0.222215,7.584905,-0.077135,0.277165,0.168000,24.480000
20455968.000000,-1.563535,-0.262215,7.782905,-0.187135,0.347165,0.212000,24.580000
20478968.000000,-1.293535,-0.256215,7.936905,-0.291135,0.413165,0.258000,24.580000
20501968.000000,-1.141535,-0.372215,8.354905,-0.363135,0.479165,0.334000,24.620000
20524967.000000,-1.027535,-0.652215,8.870905,-0.417135,0.479165,0.406000,24.530000
20547968.000000,-0.835535,-0.954215,9.182905,-0.467135,0.427165,0.448000,24.440000
20570968.000000,-0.603535,-1.194215,9.596905,-0.487135,0.351165,0.468000,24.620000
20593968.000000,-0.429535,-1.396215,10.008905,-0.473135,0.271165,0.462000,24.580000
20616968.000000,-0.161535,-1.500215,10.214905,-0.453135,0.211165,0.410000,24.580000
20639968.000000,0.000465,-1.336215,10.530905,-0.401135,0.199165,0.332000,24.480000
20662968.000000,0.022465,-0.944215,10.876905,-0.345135,0.175165,0.270000,24.670000
20685968.000000,0.110465,-0.664215,11.070905,-0.317135,0.151165,0.232000,24.620000
20708967.000000,0.164465,-0.608215,11.394905,-0.273135,0.141165,0.208000,24.530000
20731968.000000,0.060465,-0.578215,11.714905,-0.181135,0.111165,0.206000,24.620000
20754967.000000,0.044465,-0.774215,11.710905,-0.113135,0.069165,0.210000,24.530000
20777968.000000,0.078465,-1.132215,11.630905,-0.043135,0.031165,0.192000,24.620000
20800968.000000,0.014465,-1.362215,11.460905,0.044865,0.003165,0.158000,24.580000
20823968.000000,-0.091535,-1.370215,11.118905,0.094865,-0.042835,0.128000,24.580000
20846968.000000,-0.067535,-1.420215,10.636905,0.082865,-0.074835,0.098000,24.580000
20869967.000000,-0.075535,-1.568215,10.342905,0.046865,-0.086835,0.072000,24.530000
20892968.000000,-0.101535,-1.902215,10.174905,0.018865,-0.070835,0.030000,24.620000
20915968.000000,-0.265535,-2.260215,10.120905,0.050865,-0.010835,-0.040000,24.620000
20938968.000000,-0.659535,-2.392215,10.214905,0.144865,0.063165,-0.116000,24.620000
20961968.000000,-1.111535,-2.398215,10.256905,0.232865,0.121165,-0.204000,24.670000
20984968.000000,-1.615535,-2.218215,10.252905,0.310865,0.151165,-0.314000,24.670000
21007968.000000,-2.151535,-1.754215,10.174905,0.384865,0.153165,-0.416000,24.480000
21030968.000000,-2.559535,-1.198215,9.992905,0.390865,0.103165,-0.480000,24.580000
21053968.000000,-2.811535,-0.886215,9.794905,0.354865,0.029165,-0.506000,24.440000
21076967.000000,-3.019535,-0.802215,9.702905,0.334865,-0.026835,-0.504000,24.530000
21099968.000000,-3.061535,-0.740215,9.562905,0.332865,-0.050835,-0.502000,24.620000
21122967.000000,-3.179535,-0.654215,9.470905,0.298865,-0.060835,-0.498000,24.530000
21145968.000000,-3.405535,-0.572215,9.570905,0.262865,-0.102835,-0.476000,24.480000
21168968.000000,-3.493535,-0.508215,9.496905,0.230865,-0.180835,-0.440000,24.580000
21191968.000000,-3.437535,-0.490215,9.558905,0.180865,-0.278835,-0.416000,24.480000
21214968.000000,-3.357535,-0.522215,9.740905,0.128865,-0.392835,-0.396000,24.670000
21237968.000000,-3.121535,-0.600215,9.780905,0.082865,-0.532835,-0.366000,24.580000
21260967.000000,-2.739535,-0.832215,9.736905,0.064865,-0.604835,-0.332000,24.530000
21283967.000000,-2.293535,-1.100215,9.680905,0.080865,-0.598835,-0.324000,24.530000
21306967.000000,-1.965535,-1.132215,9.482905,0.118865,-0.570835,-0.322000,24.530000
21329967.000000,-1.799535,-0.944215,9.192905,0.156865,-0.542835,-0.282000,24.530000
21352968.000000,-1.625535,-0.722215,8.818905,0.184865,-0.488835,-0.210000,24.580000
21375968.000000,-1.487535,-0.424215,8.384905,0.226865,-0.384835,-0.104000,24.480000
21398968.000000,-1.385535,-0.064215,8.066905,0.272865,-0.262835,0.032000,24.580000
21421968.000000,-1.297535,0.413785,7.796905,0.330865,-0.096835,0.216000,24.480000
21444967.000000,-1.057535,0.725785,7.422905,0.384865,0.099165,0.442000,24.530000
21467967.000000,-0.763535,0.765785,7.260905,0.446865,0.335165,0.660000,24.530000
21490967.000000,-0.449535,0.663785,7.468905,0.406865,0.473165,0.792000,24.530000
21513967.000000,-0.123535,0.481785,7.702905,0.258865,0.499165,0.826000,24.530000
21536968.000000,0.276465,0.135785,7.966905,0.024865,0.441165,0.786000,24.620000
21559968.000000,0.656465,-0.302215,8.380905,-0.171135,0.387165,0.696000,24.480000
21582968.000000,1.070465,-0.606215,8.972905,-0.365135,0.283165,0.592000,24.580000
21605968.000000,1.746465,-1.032215,9.328905,-0.597135,0.103165,0.492000,24.480000
21628967.000000,2.510465,-1.590215,9.540905,-0.817135,-0.060835,0.430000,24.530000
21651968.000000,3.050465,-2.238215,9.840905,-0.827135,-0.014835,0.422000,24.720000
21674967.000000,2.830465,-2.374215,10.728905,-0.725135,0.123165,0.476000,24.530000
21697968.000000,2.126465,-2.186215,11.460905,-0.621135,0.145165,0.554000,24.620000
21720968.000000,1.346465,-1.884215,11.736905,-0.517135,0.241165,0.608000,24.580000
21743968.000000,0.306465,-1.368215,12.130905,-0.373135,0.393165,0.606000,24.580000
21766968.000000,-0.965535,-0.372215,12.554905,-0.283135,0.381165,0.584000,24.580000
21789968.000000,-1.425535,0.045785,12.160905,-0.253135,0.171165,0.536000,24.480000
21812967.000000,-1.159535,-0.010215,11.318905,-0.067135,0.277165,0.430000,24.530000
21835967.000000,-1.291535,0.127785,10.812905,0.218865,0.373165,0.354000,24.530000
21858967.000000,-1.447535,0.003785,10.506905,0.388865,0.351165,0.272000,24.530000
21881967.000000,-1.453535,-0.240215,10.090905,0.424865,0.197165,0.134000,24.530000
21904968.000000,-1.499535,-0.300215,9.738905,0.348865,0.045165,-0.034000,24.580000
21927968.000000,-1.847535,-0.258215,9.556905,0.172865,-0.142835,-0.134000,24.480000
21950968.000000,-2.067535,-0.476215,9.684905,0.078865,-0.206835,-0.182000,24.580000
21973968.000000,-2.555535,-0.344215,10.260905,-0.105135,-0.208835,-0.228000,24.480000
21996967.000000,-2.413535,-0.516215,9.992905,-0.157135,-0.170835,-0.216000,24.530000
22019967.000000,-2.607535,-0.636215,10.058905,-0.049135,0.051165,-0.198000,24.530000
22042967.000000,-2.761535,-0.738215,10.098905,0.048865,0.215165,-0.190000,24.530000
22065967.000000,-3.133535,-0.542215,10.122905,0.148865,0.383165,-0.196000,24.530000
22088967.000000,-3.017535,-0.550215,9.534905,0.492865,0.435165,-0.066000,24.530000
22111968.000000,-3.191535,-0.434215,9.386905,0.708865,0.601165,0.022000,24.580000
22134968.000000,-3.361535,-0.290215,9.190905,0.814865,0.655165,0.096000,24.480000
22157968.000000,-3.769535,0.091785,9.280905,0.970865,0.613165,0.212000,24.580000
22180968.000000,-3.651535,-0.504215,9.186905,0.892865,0.463165,0.264000,24.580000
22203967.000000,-3.597535,-0.364215,8.888905,0.716865,0.369165,0.152000,24.530000
22226967.000000,-4.273535,0.497785,8.968905,0.636865,0.209165,0.174000,24.530000
22249967.000000,-4.329535,0.817785,8.906905,0.494865,0.073165,0.290000,24.530000
22272967.000000,-3.987535,0.679785,9.012905,0.256865,-0.100835,0.292000,24.530000
22295967.000000,-3.993535,1.653785,8.986905,0.204865,-0.188835,0.340000,24.530000
22318968.000000,-4.013535,1.877785,9.256905,0.266865,-0.140835,0.506000,24.480000
22341968.000000,-3.255535,1.301785,9.364905,0.278865,-0.068835,0.580000,24.580000
22364968.000000,-2.813535,0.967785,9.534905,0.336865,-0.056835,0.544000,24.580000
22387968.000000,-2.413535,0.901785,9.624905,0.388865,0.017165,0.472000,24.440000
22410967.000000,-1.985535,0.891785,9.526905,0.446865,-0.012835,0.416000,24.530000
22433968.000000,-1.523535,0.935785,9.338905,0.464865,-0.016835,0.334000,24.440000
22456968.000000,-1.245535,0.979785,9.380905,0.524865,-0.028835,0.260000,24.440000
22479968.000000,-0.901535,1.245785,9.134905,0.614865,0.039165,0.198000,24.480000
22502968.000000,-0.791535,1.671785,8.354905,0.732865,0.129165,0.188000,24.580000
22525968.000000,-0.561535,1.689785,7.816905,0.714865,0.181165,0.106000,24.580000
22548968.000000,-0.597535,1.779785,7.370905,0.508865,0.063165,-0.022000,24.580000
22571967.000000,-0.381535,1.535785,7.216905,0.256865,-0.124835,-0.166000,24.530000
22594967.000000,-0.115535,1.289785,7.086905,-0.021135,-0.212835,-0.206000,24.530000
22617968.000000,-0.455535,1.021785,7.262905,-0.333135,-0.338835,-0.210000,24.620000
22640968.000000,-0.865535,0.777785,7.650905,-0.491135,-0.494835,-0.124000,24.620000
22663968.000000,-1.001535,0.525785,8.068905,-0.499135,-0.532835,0.072000,24.580000
22686968.000000,-0.951535,0.609785,8.870905,-0.355135,-0.528835,0.182000,24.480000
22709968.000000,-1.131535,0.697785,8.828905,-0.251135,-0.746835,-0.080000,24.580000
22732968.000000,-1.839535,1.161785,9.232905,-0.305135,-1.152835,-0.208000,24.580000
22755968.000000,-0.975535,-0.026215,12.160905,-0.273135,-1.858835,-0.234000,24.440000
22778968.000000,-0.067535,0.639785,13.150905,0.288865,-2.294835,-0.634000,24.620000
22801967.000000,-1.139535,0.809785,12.084905,0.614865,-2.416835,-0.870000,24.530000
22824967.000000,-0.885535,1.219785,11.854905,0.606865,-2.322835,-0.510000,24.530000
22847967.000000,0.970465,1.031785,12.086905,0.596865,-1.930835,-0.342000,24.530000
22870968.000000,1.096465,2.585785,9.932905,0.644865,-1.118835,-0.360000,24.480000
22893968.000000,0.682465,2.393785,9.022905,0.330865,-0.608835,-0.146000,24.480000
22916968.000000,1.778465,2.639785,8.752905,0.038865,-0.424835,0.018000,24.580000
22939968.000000,1.750465,2.643785,8.874905,-0.167135,-0.314835,-0.132000,24.580000
22962968.000000,1.394465,2.737785,8.642905,-0.233135,-0.288835,-0.212000,24.620000
22985968.000000,1.260465,2.771785,8.232905,-0.431135,-0.272835,-0.228000,24.620000
23008967.000000,1.546465,2.557785,8.348905,-0.735135,-0.188835,-0.130000,24.530000
23031967.000000,2.040465,2.329785,9.132905,-0.933135,-0.028835,-0.050000,24.530000
23054968.000000,2.310465,1.921785,9.866905,-0.815135,0.095165,-0.002000,24.620000
23077968.000000,2.360465,1.517785,10.178905,-0.619135,0.173165,0.016000,24.480000
23100968.000000,2.322465,1.191785,10.306905,-0.469135,0.207165,-0.004000,24.580000
23123968.000000,1.976465,0.949785,10.422905,-0.301135,0.211165,-0.060000,24.580000
23146968.000000,1.476465,0.759785,10.290905,-0.185135,0.209165,-0.074000,24.720000
23169968.000000,1.224465,0.777785,10.046905,-0.153135,0.189165,-0.050000,24.620000
23192968.000000,1.114465,0.847785,9.966905,-0.131135,0.177165,-0.030000,24.620000
23215968.000000,1.046465,0.925785,9.796905,-0.093135,0.205165,-0.004000,24.440000
