Time (us),AccelX (m/s^2),AccelY (m/s^2),AccelZ (m/s^2),GyroX (rad/s),GyroY (rad/s),GyroZ (rad/s),Temp (C)
1871953.0,0.32,-0.05,9.07,-0.04,0.03,-0.01,24.91
1894953.0,0.28,-0.09,9.2,-0.04,0.03,-0.01,24.81
1917953.0,0.31,-0.06,9.23,-0.04,0.03,-0.01,24.77
1940953.0,0.29,-0.01,9.24,-0.04,0.03,-0.01,24.86
1963953.0,0.31,-0.13,9.17,-0.04,0.02,-0.01,24.86
1986953.0,0.28,-0.1,9.19,-0.04,0.02,-0.01,24.86
2009953.0,0.3,-0.09,9.27,-0.04,0.03,-0.01,24.81
2032953.0,0.3,-0.04,9.25,-0.04,0.02,-0.01,24.81
2055953.0,0.32,-0.13,9.27,-0.04,0.03,-0.01,24.91
2078953.0,0.31,-0.15,9.2,-0.04,0.02,-0.01,24.81
2101953.0,0.35,-0.1,9.21,-0.04,0.02,-0.01,24.81
2124953.0,0.35,-0.09,9.09,-0.04,0.02,-0.01,24.86
2147953.0,0.3,-0.09,9.25,-0.05,0.03,-0.01,24.86
2170953.0,0.37,-0.1,9.17,-0.04,0.03,-0.01,24.86
2193953.0,0.29,0.01,9.23,-0.05,0.02,-0.01,24.77
2216953.0,0.38,-0.1,9.14,-0.04,0.03,-0.01,24.81
2239953.0,0.28,-0.04,9.18,-0.04,0.03,-0.01,24.81
2262953.0,0.33,-0.11,9.21,-0.04,0.03,-0.01,24.72
2285953.0,0.29,-0.07,9.16,-0.04,0.03,-0.01,24.81
2308953.0,0.31,-0.09,9.29,-0.05,0.03,-0.01,24.86
2331953.0,0.31,-0.08,9.17,-0.04,0.03,-0.01,24.77
2354953.0,0.31,-0.03,9.27,-0.05,0.03,-0.01,24.86
2377953.0,0.34,-0.06,9.23,-0.05,0.03,-0.01,24.86
2400953.0,0.32,-0.11,9.24,-0.04,0.02,-0.01,24.81
2423953.0,0.27,-0.07,9.27,-0.05,0.03,-0.01,24.81
2446953.0,0.33,-0.09,9.22,-0.05,0.03,-0.01,24.91
2469953.0,0.35,-0.05,9.29,-0.04,0.03,-0.01,24.81
2492953.0,0.35,-0.05,9.24,-0.04,0.03,-0.01,24.86
2515953.0,0.27,-0.11,9.15,-0.04,0.03,-0.01,24.86
2538953.0,0.3,-0.05,9.17,-0.04,0.02,-0.01,24.86
2561953.0,0.28,-0.13,9.2,-0.04,0.03,-0.01,24.86
2584953.0,0.32,-0.07,9.22,-0.04,0.03,-0.01,24.86
2607953.0,0.3,-0.13,9.12,-0.04,0.02,-0.01,24.95
2630953.0,0.34,-0.05,9.22,-0.05,0.02,-0.01,24.91
2653953.0,0.32,-0.09,9.24,-0.04,0.03,-0.01,24.81
2676953.0,0.32,-0.12,9.17,-0.04,0.03,-0.01,24.86
2699953.0,0.29,-0.04,9.21,-0.04,0.03,-0.01,24.86
2722953.0,0.29,-0.11,9.21,-0.04,0.02,-0.01,24.95
2745953.0,0.36,-0.07,9.16,-0.04,0.03,-0.01,24.86
2768953.0,0.35,-0.08,9.14,-0.05,0.03,-0.01,24.77
2791953.0,0.27,-0.07,9.09,-0.04,0.03,-0.01,24.81
2814953.0,0.31,-0.11,9.23,-0.04,0.02,-0.01,24.91
2837953.0,0.3,-0.13,9.19,-0.04,0.03,-0.01,24.81
2860953.0,0.29,-0.09,9.2,-0.04,0.03,-0.01,24.81
2883953.0,0.27,-0.01,9.23,-0.04,0.02,-0.01,24.77
2906953.0,0.31,-0.09,9.19,-0.04,0.03,-0.01,24.86
2929953.0,0.29,-0.11,9.11,-0.04,0.03,-0.01,24.86
2952953.0,0.32,-0.06,9.23,-0.04,0.02,-0.01,24.86
2975953.0,0.31,-0.09,9.19,-0.04,0.02,-0.01,24.81
2998953.0,0.29,-0.06,9.12,-0.04,0.02,-0.01,24.91
3021953.0,0.24,-0.06,9.21,-0.04,0.02,-0.01,24.91
3044953.0,0.26,-0.09,9.3,-0.04,0.02,-0.01,24.91
3067953.0,0.34,-0.04,9.19,-0.04,0.02,-0.01,24.77
3090953.0,0.3,-0.08,9.19,-0.04,0.02,-0.01,24.86
3113953.0,0.29,-0.0,9.24,-0.04,0.02,-0.01,24.86
3136953.0,0.27,-0.07,9.24,-0.04,0.02,-0.01,24.86
3159953.0,0.2,-0.06,9.09,-0.04,0.02,-0.01,24.91
3182953.0,0.26,-0.08,9.18,-0.04,0.03,-0.01,24.81
3205953.0,0.34,-0.17,9.19,-0.04,0.02,-0.01,24.81
3228953.0,0.37,-0.02,9.29,-0.04,0.02,-0.01,24.91
3251953.0,0.23,-0.07,9.13,-0.04,0.02,-0.01,24.86
3274953.0,0.29,-0.08,9.18,-0.04,0.02,-0.01,24.77
3297953.0,0.3,-0.1,9.24,-0.04,0.03,-0.01,24.86
3320953.0,0.33,-0.04,9.33,-0.04,0.03,-0.01,24.86
3343953.0,0.31,-0.12,9.19,-0.04,0.02,-0.01,24.86
3366953.0,0.33,-0.1,9.27,-0.04,0.02,-0.01,24.77
3389953.0,0.27,-0.08,9.14,-0.04,0.03,-0.01,24.72
3412953.0,0.34,-0.06,9.22,-0.04,0.03,-0.01,24.91
3435953.0,0.34,-0.13,9.2,-0.04,0.02,-0.01,24.86
3458953.0,0.37,-0.06,9.17,-0.04,0.02,-0.01,24.95
3481953.0,0.32,-0.07,9.2,-0.04,0.03,-0.01,24.86
3504953.0,0.31,-0.02,9.26,-0.04,0.02,-0.01,24.86
3527953.0,0.38,-0.11,9.14,-0.04,0.03,-0.01,24.86
3550953.0,0.34,-0.03,9.12,-0.04,0.03,-0.01,24.81
3573953.0,0.38,-0.09,9.2,-0.04,0.03,-0.01,24.81
3596953.0,0.34,-0.11,9.21,-0.04,0.03,-0.01,24.91
3619953.0,0.36,-0.03,9.29,-0.04,0.02,-0.01,24.81
3642953.0,0.25,-0.17,9.2,-0.04,0.03,-0.01,24.86
3665953.0,0.34,-0.03,9.18,-0.04,0.02,-0.01,24.86
3688953.0,0.34,-0.14,9.2,-0.04,0.03,-0.01,24.86
3711953.0,0.31,-0.06,9.23,-0.04,0.03,-0.01,24.77
3734953.0,0.33,-0.1,9.21,-0.04,0.02,-0.01,24.91
3757953.0,0.34,-0.05,9.18,-0.04,0.02,-0.01,24.81
3780953.0,0.27,-0.05,9.15,-0.04,0.03,-0.01,24.81
3803953.0,0.17,-0.11,9.17,-0.04,0.02,-0.01,24.81
3826953.0,0.37,-0.06,9.21,-0.04,0.03,-0.01,24.86
3849953.0,0.4,-0.15,9.11,-0.04,0.03,-0.01,24.86
3872953.0,0.26,-0.03,9.27,-0.04,0.03,-0.01,24.77
3895953.0,0.26,-0.08,9.23,-0.04,0.02,-0.01,24.86
3918953.0,0.33,-0.08,9.24,-0.04,0.03,-0.01,24.81
3941953.0,0.37,-0.02,9.22,-0.04,0.03,-0.01,24.91
3964953.0,0.33,-0.13,9.16,-0.04,0.02,-0.01,24.81
3987953.0,0.29,-0.03,9.27,-0.04,0.02,-0.01,24.91
4010953.0,0.36,-0.0,9.17,-0.04,0.03,-0.01,24.77
4033953.0,0.34,-0.11,9.17,-0.04,0.03,-0.01,24.86
4056953.0,0.37,-0.07,9.04,-0.04,0.02,-0.01,24.86
4079953.0,0.34,-0.06,9.25,-0.04,0.02,-0.01,24.77
4102953.0,0.32,-0.04,9.35,-0.05,0.03,-0.01,24.86
4125953.0,0.27,-0.15,9.11,-0.05,0.03,-0.01,24.86
4148953.0,0.32,-0.09,9.21,-0.04,0.03,-0.01,24.81
4171953.0,0.24,-0.07,9.07,-0.05,0.03,-0.01,24.91
4194953.0,0.31,-0.06,9.12,-0.04,0.03,-0.01,24.91
4217953.0,0.29,-0.09,9.12,-0.04,0.03,-0.01,24.86
4240953.0,0.3,-0.05,9.25,-0.04,0.03,-0.01,24.86
4263953.0,0.27,-0.01,9.26,-0.04,0.03,-0.01,24.86
4286953.0,0.33,-0.1,9.21,-0.04,0.03,-0.01,24.86
4309953.0,0.32,-0.05,9.2,-0.04,0.02,-0.01,24.81
4332953.0,0.28,-0.02,9.14,-0.04,0.03,-0.01,24.72
4355953.0,0.27,-0.02,9.17,-0.04,0.03,-0.01,24.81
4378953.0,0.31,-0.03,9.27,-0.05,0.03,-0.01,24.81
4401953.0,0.3,-0.04,9.23,-0.04,0.03,-0.01,24.95
4424953.0,0.28,-0.1,9.2,-0.04,0.03,-0.01,24.86
4447953.0,0.31,-0.1,9.17,-0.04,0.03,-0.01,24.86
4470953.0,0.36,-0.06,9.2,-0.04,0.02,-0.01,24.77
4493953.0,0.24,-0.09,9.17,-0.04,0.02,-0.01,24.81
4516953.0,0.38,-0.05,9.19,-0.04,0.03,-0.01,24.91
4539953.0,0.28,-0.03,9.18,-0.04,0.02,-0.01,24.81
4562953.0,0.39,-0.12,9.22,-0.04,0.03,-0.01,24.91
4585953.0,0.33,-0.06,9.21,-0.04,0.03,-0.01,24.77
4608953.0,0.27,-0.11,9.16,-0.04,0.02,-0.01,24.86
4631953.0,0.34,-0.14,9.19,-0.04,0.02,-0.01,24.86
4654953.0,0.29,-0.13,9.13,-0.04,0.03,-0.01,24.86
4677953.0,0.29,-0.08,9.17,-0.04,0.03,-0.01,24.81
4700953.0,0.3,0.0,9.17,-0.05,0.03,-0.01,24.91
4723953.0,0.32,-0.04,9.19,-0.04,0.03,-0.01,24.81
4746953.0,0.39,-0.06,9.18,-0.04,0.03,-0.01,24.91
4769953.0,0.31,-0.02,9.27,-0.05,0.03,-0.01,24.86
4792953.0,0.27,-0.11,9.2,-0.04,0.02,-0.01,24.77
4815953.0,0.36,-0.06,9.15,-0.04,0.03,-0.01,24.86
4838953.0,0.31,-0.17,9.15,-0.04,0.03,-0.01,24.86
4861953.0,0.39,-0.07,9.26,-0.04,0.03,-0.01,24.86
4884953.0,0.3,-0.09,9.16,-0.04,0.03,-0.01,24.86
4907953.0,0.34,-0.05,9.32,-0.04,0.03,-0.01,24.72
4930953.0,0.37,-0.06,9.14,-0.04,0.03,-0.01,24.91
4953953.0,0.31,-0.05,9.23,-0.04,0.03,-0.01,24.91
4976953.0,0.29,-0.05,9.18,-0.04,0.03,-0.01,24.86
4999953.0,0.32,-0.11,9.16,-0.05,0.03,-0.01,24.86
5022953.0,0.34,-0.0,9.25,-0.05,0.03,-0.01,24.86
5045953.0,0.31,-0.07,9.13,-0.05,0.03,-0.01,24.86
5068953.0,0.31,-0.01,9.23,-0.05,0.02,-0.01,24.81
5091953.0,0.29,-0.06,9.21,-0.05,0.03,-0.01,24.81
5114953.0,0.33,-0.08,9.19,-0.05,0.03,-0.01,24.81
5137953.0,0.27,-0.08,9.15,-0.04,0.02,-0.01,24.91
5160953.0,0.25,-0.29,8.66,-0.04,0.03,-0.01,24.95
5183953.0,0.32,-0.08,9.29,-0.06,0.04,-0.01,24.86
5206953.0,0.34,-0.04,9.24,-0.04,0.03,-0.01,24.86
5229953.0,0.34,-0.02,9.31,-0.05,0.03,-0.01,24.77
5252953.0,0.27,-0.12,9.19,-0.05,0.03,-0.01,24.81
5275953.0,0.31,-0.06,9.25,-0.05,0.03,-0.01,24.81
5298953.0,0.25,-0.1,9.22,-0.04,0.02,-0.01,24.81
5321953.0,0.26,-0.1,9.2,-0.04,0.03,-0.01,24.81
5344953.0,0.32,-0.12,9.29,-0.04,0.03,-0.01,24.86
5367953.0,0.37,-0.09,9.17,-0.04,0.02,-0.01,24.86
5390953.0,0.38,-0.06,9.35,-0.04,0.03,-0.01,24.86
5413953.0,0.34,-0.06,9.29,-0.04,0.03,-0.01,24.95
5436953.0,0.33,-0.08,9.27,-0.04,0.02,-0.01,24.81
5459953.0,0.36,-0.06,9.1,-0.04,0.03,-0.01,24.81
5482953.0,0.34,-0.03,9.26,-0.04,0.03,-0.01,24.81
5505953.0,0.29,-0.05,9.2,-0.04,0.03,-0.01,24.91
5528953.0,0.34,-0.11,9.23,-0.04,0.03,-0.01,24.86
5551953.0,0.34,-0.08,9.2,-0.05,0.02,-0.01,24.86
5574953.0,0.27,-0.1,9.18,-0.04,0.02,-0.01,24.86
5597953.0,0.31,-0.1,9.18,-0.04,0.02,-0.01,24.95
5620953.0,0.36,-0.09,9.21,-0.04,0.02,-0.01,24.86
5643953.0,0.34,-0.08,9.15,-0.04,0.03,-0.01,24.86
5666953.0,0.35,-0.1,9.29,-0.04,0.03,-0.01,24.91
5689953.0,0.32,-0.08,9.18,-0.04,0.03,-0.01,24.81
5712953.0,0.35,-0.08,9.21,-0.04,0.03,-0.01,24.91
5735953.0,0.31,-0.03,9.17,-0.04,0.02,-0.01,24.86
5758953.0,0.29,-0.07,9.3,-0.04,0.02,-0.01,24.77
5781953.0,0.28,-0.08,9.23,-0.04,0.03,-0.01,24.86
5804953.0,0.3,-0.1,9.22,-0.05,0.03,-0.01,24.95
5827953.0,0.28,-0.14,9.23,-0.04,0.02,-0.01,24.91
5850953.0,0.3,-0.11,9.34,-0.04,0.03,-0.01,24.91
5873953.0,0.34,-0.11,9.24,-0.04,0.03,-0.01,24.81
5896953.0,0.29,-0.08,9.16,-0.04,0.02,-0.01,24.81
5919953.0,0.32,-0.1,9.14,-0.05,0.02,-0.01,24.86
5942953.0,0.3,-0.14,9.28,-0.04,0.02,-0.01,24.86
5965953.0,0.33,-0.01,9.28,-0.04,0.03,-0.01,24.86
5988953.0,0.28,-0.08,9.19,-0.04,0.03,-0.01,24.86
6011953.0,0.3,-0.1,9.17,-0.04,0.03,-0.01,24.91
6034953.0,0.33,-0.06,9.19,-0.04,0.03,-0.01,24.91
6057953.0,0.24,-0.13,9.22,-0.04,0.03,-0.01,24.91
6080953.0,0.31,-0.11,9.24,-0.05,0.02,-0.01,24.81
6103953.0,0.25,-0.04,9.19,-0.04,0.03,-0.01,24.95
6126953.0,0.32,-0.07,9.25,-0.04,0.02,-0.01,24.77
6149953.0,0.28,-0.06,9.28,-0.04,0.02,-0.01,24.86
6172953.0,0.31,0.01,9.17,-0.04,0.03,-0.01,24.86
6195953.0,0.33,-0.1,9.12,-0.04,0.03,-0.01,24.91
6218953.0,0.32,-0.06,9.16,-0.04,0.02,-0.01,24.91
6241953.0,0.27,-0.07,9.25,-0.04,0.02,-0.01,25.0
6264953.0,0.31,-0.04,9.15,-0.04,0.02,-0.01,24.81
6287953.0,0.34,-0.11,9.21,-0.04,0.03,-0.01,24.91
6310953.0,0.28,-0.1,9.22,-0.05,0.02,-0.01,24.86
6333953.0,0.27,-0.04,9.14,-0.05,0.02,-0.01,24.86
6356953.0,0.33,-0.03,9.31,-0.05,0.03,-0.01,24.95
6379953.0,0.32,-0.07,9.34,-0.04,0.02,-0.01,24.95
6402953.0,0.27,-0.03,9.21,-0.05,0.02,-0.01,24.77
6425953.0,0.33,-0.07,9.23,-0.04,0.02,-0.01,24.72
6448953.0,0.34,-0.11,9.15,-0.04,0.03,-0.01,24.81
6471953.0,0.33,-0.11,9.18,-0.04,0.03,-0.01,24.81
6494953.0,0.3,-0.1,9.2,-0.04,0.03,-0.01,24.86
6517953.0,0.36,-0.11,9.14,-0.04,0.02,-0.01,24.77
6540953.0,0.32,-0.05,9.17,-0.04,0.03,-0.01,24.95
6563953.0,0.31,-0.08,9.28,-0.04,0.03,-0.01,24.86
6586953.0,0.32,-0.05,9.19,-0.05,0.03,-0.01,24.81
6609953.0,0.27,-0.06,9.27,-0.04,0.02,-0.01,24.81
6632953.0,0.29,0.01,9.13,-0.04,0.03,-0.01,24.91
6655953.0,0.28,-0.06,9.12,-0.04,0.02,-0.01,24.91
6678953.0,0.34,-0.11,9.22,-0.04,0.03,-0.01,24.86
6701953.0,0.33,-0.03,9.17,-0.04,0.03,-0.01,24.86
6724953.0,0.34,-0.08,9.21,-0.04,0.03,-0.01,24.86
6747953.0,0.34,-0.12,9.17,-0.04,0.03,-0.01,24.86
6770953.0,0.32,-0.06,9.21,-0.04,0.03,-0.01,24.81
6793953.0,0.26,-0.09,9.22,-0.04,0.03,-0.01,25.0
6816953.0,0.27,-0.1,9.24,-0.04,0.02,-0.01,24.81
6839953.0,0.33,-0.07,9.22,-0.05,0.02,-0.01,24.91
6862953.0,0.32,-0.13,9.17,-0.04,0.03,-0.01,24.95
6885953.0,0.23,-0.07,9.13,-0.04,0.03,-0.01,24.77
6908953.0,0.31,-0.1,9.24,-0.04,0.02,-0.01,24.86
6931953.0,0.31,-0.09,9.23,-0.04,0.03,-0.01,24.77
6954953.0,0.32,-0.05,9.18,-0.04,0.02,-0.01,24.86
6977953.0,0.32,-0.07,9.31,-0.04,0.02,-0.01,24.81
7000953.0,0.3,-0.05,9.22,-0.04,0.02,-0.01,24.91
7023953.0,0.32,-0.08,9.19,-0.04,0.02,-0.01,24.81
7046953.0,0.21,-0.1,9.18,-0.04,0.02,-0.01,24.81
7069953.0,0.36,-0.11,9.07,-0.04,0.03,-0.01,24.86
7092953.0,0.29,-0.03,9.25,-0.04,0.03,-0.01,24.77
7115953.0,0.35,-0.11,9.13,-0.04,0.02,-0.01,24.77
7138953.0,0.39,-0.11,9.19,-0.05,0.02,-0.01,24.86
7161953.0,0.32,-0.1,9.15,-0.04,0.03,-0.01,24.86
7184953.0,0.36,-0.09,9.27,-0.04,0.02,-0.01,24.81
7207953.0,0.3,-0.01,9.21,-0.04,0.03,-0.01,24.81
7230953.0,0.38,-0.09,9.31,-0.04,0.03,-0.01,24.81
7253953.0,0.33,-0.03,9.21,-0.04,0.03,-0.01,24.86
7276953.0,0.3,-0.02,9.27,-0.04,0.02,-0.01,24.77
7299953.0,0.36,-0.02,9.17,-0.04,0.03,-0.01,24.77
7322953.0,0.31,-0.1,9.18,-0.04,0.02,-0.01,24.86
7345953.0,0.38,-0.1,9.11,-0.04,0.03,-0.01,24.81
7368953.0,0.34,-0.1,9.23,-0.05,0.02,-0.01,24.91
7391953.0,0.28,0.01,9.2,-0.04,0.02,-0.0,24.91
7414953.0,0.23,-0.04,9.27,-0.04,0.02,-0.01,24.81
7437953.0,0.31,-0.05,9.07,-0.04,0.02,-0.01,24.86
7460953.0,0.32,-0.07,9.24,-0.04,0.02,-0.01,24.86
7483953.0,0.29,-0.08,9.25,-0.05,0.03,-0.01,24.86
7506953.0,0.35,-0.12,9.26,-0.04,0.03,-0.01,24.86
7529953.0,0.31,-0.02,9.14,-0.04,0.02,-0.01,24.81
7552953.0,0.31,-0.01,9.17,-0.04,0.03,-0.01,24.81
7575953.0,0.31,-0.11,9.21,-0.05,0.02,-0.01,24.91
7598953.0,0.33,-0.06,9.29,-0.04,0.03,-0.01,24.81
7621953.0,0.26,-0.11,9.2,-0.04,0.03,-0.01,24.86
7644953.0,0.28,-0.08,9.2,-0.04,0.02,-0.01,24.86
7667953.0,0.33,-0.11,9.24,-0.05,0.03,-0.01,24.86
7690953.0,0.3,-0.08,9.26,-0.04,0.02,-0.01,24.86
7713953.0,0.32,-0.15,9.33,-0.04,0.03,-0.01,24.86
7736953.0,0.31,-0.06,9.2,-0.04,0.03,-0.01,25.0
7759953.0,0.37,-0.08,9.07,-0.04,0.03,-0.01,24.81
7782953.0,0.32,-0.08,9.21,-0.04,0.03,-0.01,24.91
7805953.0,0.32,-0.1,9.17,-0.04,0.02,-0.01,24.81
7828953.0,0.29,-0.06,9.16,-0.04,0.03,-0.01,24.86
7851953.0,0.36,-0.1,9.16,-0.04,0.02,-0.01,24.86
7874953.0,0.36,-0.05,9.26,-0.04,0.03,-0.01,24.86
7897953.0,0.31,-0.18,9.24,-0.04,0.02,-0.01,24.77
7920953.0,0.33,-0.07,9.27,-0.04,0.03,-0.01,24.86
7943953.0,0.33,-0.04,9.21,-0.04,0.03,-0.01,25.0
7966953.0,0.28,-0.12,9.13,-0.04,0.03,-0.01,25.0
7989953.0,0.3,-0.08,9.21,-0.04,0.02,-0.01,24.91
8012953.0,0.34,-0.09,9.18,-0.05,0.02,-0.01,24.86
8035953.0,0.26,-0.06,9.18,-0.04,0.03,-0.01,24.77
8058953.0,0.28,-0.09,9.11,-0.04,0.02,-0.01,24.86
8081953.0,0.35,-0.1,9.21,-0.04,0.02,-0.01,24.77
8104953.0,0.37,-0.08,9.17,-0.04,0.03,-0.01,24.81
8127953.0,0.29,-0.06,9.17,-0.05,0.03,-0.01,24.91
8150953.0,0.29,-0.12,9.21,-0.04,0.03,-0.01,24.91
8173953.0,0.28,-0.06,9.14,-0.04,0.02,-0.01,24.91
8196953.0,0.27,-0.11,9.19,-0.05,0.03,-0.01,24.86
8219953.0,0.28,-0.08,9.18,-0.04,0.02,-0.01,24.77
8242953.0,0.29,-0.1,9.16,-0.05,0.03,-0.01,24.86
8265953.0,0.3,-0.09,9.27,-0.04,0.02,-0.01,24.86
8288953.0,0.31,-0.06,9.22,-0.04,0.02,-0.01,24.91
8311953.0,0.26,-0.05,9.26,-0.04,0.02,-0.01,24.91
8334953.0,0.32,-0.11,9.16,-0.04,0.02,-0.01,24.91
8357953.0,0.36,-0.08,9.21,-0.04,0.03,-0.01,24.81
8380953.0,0.31,0.01,9.21,-0.04,0.03,-0.01,24.81
8403953.0,0.34,-0.04,9.32,-0.04,0.03,-0.01,24.86
8426953.0,0.31,-0.09,9.19,-0.04,0.03,-0.01,24.86
8449953.0,0.28,-0.1,9.28,-0.04,0.02,-0.01,24.86
8472953.0,0.28,-0.14,9.3,-0.04,0.02,-0.01,24.86
8495953.0,0.33,-0.06,9.33,-0.04,0.03,-0.01,24.72
8518953.0,0.3,-0.09,9.25,-0.04,0.03,-0.01,24.91
8541953.0,0.32,-0.09,9.19,-0.04,0.03,-0.01,24.81
8564953.0,0.33,0.02,9.2,-0.04,0.02,-0.01,24.81
8587953.0,0.3,-0.08,9.24,-0.04,0.03,-0.01,24.86
8610953.0,0.36,-0.04,9.29,-0.04,0.02,-0.01,24.86
8633953.0,0.32,-0.11,9.28,-0.04,0.03,-0.01,24.77
8656953.0,0.25,-0.13,9.31,-0.04,0.03,-0.01,24.77
8679953.0,0.26,-0.06,9.22,-0.04,0.02,-0.01,24.86
8702953.0,0.34,-0.07,9.24,-0.04,0.03,-0.01,24.86
8725953.0,0.3,-0.07,9.16,-0.04,0.03,-0.01,24.91
8748953.0,0.33,-0.06,9.18,-0.04,0.02,-0.01,24.91
8771953.0,0.29,-0.09,9.18,-0.04,0.03,-0.01,24.86
8794953.0,0.28,-0.11,9.22,-0.04,0.02,-0.01,24.77
8817953.0,0.33,-0.03,9.2,-0.04,0.03,-0.01,24.86
8840953.0,0.37,-0.0,9.2,-0.04,0.03,-0.01,24.77
8863953.0,0.32,-0.12,9.15,-0.04,0.03,-0.01,24.72
8886953.0,0.26,-0.06,9.29,-0.04,0.02,-0.01,24.91
8909953.0,0.28,-0.1,9.21,-0.04,0.02,-0.01,24.91
8932953.0,0.3,-0.05,9.17,-0.04,0.03,-0.01,24.91
8955953.0,0.32,-0.04,9.27,-0.04,0.03,-0.01,24.86
8978953.0,0.29,-0.06,9.19,-0.04,0.03,-0.01,24.77
9001953.0,0.3,-0.08,9.24,-0.04,0.02,-0.01,24.86
9024953.0,0.35,-0.1,9.18,-0.04,0.03,-0.01,24.86
9047953.0,0.25,-0.09,9.25,-0.04,0.03,-0.01,24.77
9070953.0,0.25,-0.08,9.17,-0.05,0.03,-0.01,24.91
9093953.0,0.3,-0.07,9.19,-0.04,0.03,-0.01,24.81
9116953.0,0.29,-0.05,9.26,-0.04,0.02,-0.01,24.81
9139953.0,0.34,-0.07,9.17,-0.04,0.03,-0.01,24.91
9162953.0,0.31,-0.11,9.21,-0.04,0.03,-0.01,24.77
9185953.0,0.22,-0.1,9.21,-0.04,0.03,-0.01,24.86
9208953.0,0.31,-0.04,9.13,-0.04,0.03,-0.01,24.86
9231953.0,0.28,-0.07,9.23,-0.04,0.02,-0.01,24.95
9254953.0,0.33,-0.11,9.23,-0.04,0.02,-0.01,24.91
9277953.0,0.32,-0.03,9.17,-0.04,0.03,-0.01,24.91
9300953.0,0.31,-0.05,9.26,-0.04,0.03,-0.01,24.91
9323953.0,0.29,-0.1,9.2,-0.04,0.03,-0.01,25.0
9346953.0,0.28,-0.14,9.2,-0.04,0.03,-0.01,24.86
9369953.0,0.39,-0.1,9.22,-0.05,0.02,-0.01,24.95
9392953.0,0.28,-0.03,9.22,-0.04,0.02,-0.01,24.86
9415953.0,0.35,-0.03,9.24,-0.04,0.03,-0.01,24.86
9438953.0,0.32,-0.09,9.31,-0.04,0.02,-0.01,24.86
9461953.0,0.31,-0.1,9.28,-0.04,0.03,-0.01,24.95
9484953.0,0.34,-0.07,9.22,-0.04,0.03,-0.01,25.0
9507953.0,0.33,-0.09,9.13,-0.04,0.03,-0.01,24.91
9530953.0,0.35,-0.02,9.26,-0.04,0.03,-0.01,24.86
9553953.0,0.34,-0.06,9.22,-0.04,0.02,-0.01,24.86
9576953.0,0.3,-0.07,9.26,-0.04,0.02,-0.01,24.77
9599953.0,0.3,-0.09,9.2,-0.04,0.03,-0.01,24.95
9622953.0,0.31,-0.07,9.17,-0.04,0.02,-0.01,24.81
9645953.0,0.31,-0.11,9.23,-0.04,0.03,-0.01,24.91
9668953.0,0.33,-0.08,9.17,-0.04,0.03,-0.01,24.91
9691953.0,0.35,-0.07,9.2,-0.04,0.02,-0.01,24.81
9714953.0,0.36,-0.11,9.22,-0.04,0.03,-0.01,24.91
9737953.0,0.3,-0.1,9.11,-0.04,0.02,-0.01,24.95
9760953.0,0.3,-0.03,9.17,-0.04,0.03,-0.01,24.86
9783953.0,0.32,-0.13,9.26,-0.04,0.02,-0.01,24.95
9806953.0,0.28,-0.11,9.2,-0.04,0.03,-0.01,24.95
9829953.0,0.26,-0.11,9.13,-0.04,0.03,-0.01,24.91
9852953.0,0.29,-0.01,9.24,-0.04,0.03,-0.01,24.81
9875953.0,0.24,-0.1,9.21,-0.04,0.03,-0.01,24.91
9898953.0,0.34,-0.06,9.27,-0.04,0.03,-0.01,24.81
9921953.0,0.3,-0.03,9.23,-0.04,0.03,-0.01,24.77
9944953.0,0.36,-0.01,9.23,-0.04,0.02,-0.01,24.95
9967953.0,0.28,-0.07,9.17,-0.04,0.03,-0.01,24.86
9990953.0,0.3,-0.04,9.17,-0.05,0.03,-0.01,24.86
10013953.0,0.3,-0.09,9.22,-0.05,0.03,-0.01,24.91
10036953.0,0.34,-0.07,9.19,-0.04,0.03,-0.01,24.81
10059953.0,0.29,-0.02,9.13,-0.05,0.03,-0.01,24.81
10082953.0,0.38,-0.07,9.33,-0.04,0.02,-0.01,24.81
10105953.0,0.35,-0.07,9.16,-0.04,0.03,-0.01,24.86
10128953.0,0.36,-0.05,9.21,-0.04,0.02,-0.01,24.86
10151953.0,0.34,-0.07,9.17,-0.04,0.03,-0.01,24.95
10174953.0,0.3,-0.11,9.2,-0.04,0.03,-0.01,24.86
10197953.0,0.27,-0.07,9.27,-0.04,0.02,-0.01,24.77
10220953.0,0.34,-0.06,9.26,-0.04,0.03,-0.01,24.95
10243953.0,0.34,-0.1,9.28,-0.04,0.03,-0.01,24.91
10266953.0,0.29,-0.06,9.23,-0.04,0.03,-0.01,24.91
10289953.0,0.33,-0.06,9.19,-0.04,0.02,-0.01,24.77
10312953.0,0.29,-0.02,9.24,-0.04,0.03,-0.01,24.86
10335953.0,0.32,-0.08,9.36,-0.04,0.03,-0.01,24.86
10358953.0,0.28,-0.05,9.28,-0.04,0.02,-0.01,24.86
10381953.0,0.35,-0.04,9.24,-0.04,0.02,-0.01,24.81
10404953.0,0.36,-0.05,9.25,-0.05,0.02,-0.01,24.81
10427953.0,0.3,-0.15,9.18,-0.04,0.02,-0.01,24.91
10450953.0,0.32,-0.08,9.22,-0.04,0.03,-0.01,24.81
10473953.0,0.26,-0.08,9.23,-0.04,0.03,-0.01,24.91
10496953.0,0.3,-0.06,9.3,-0.04,0.02,-0.01,24.86
10519953.0,0.3,-0.04,9.28,-0.05,0.03,-0.01,24.86
10542953.0,0.32,-0.19,9.29,-0.04,0.03,-0.01,24.95
10565953.0,0.31,-0.09,9.24,-0.04,0.03,-0.01,24.77
10588953.0,0.27,-0.12,9.18,-0.04,0.03,-0.01,24.91
10611953.0,0.29,-0.02,9.26,-0.04,0.03,-0.01,24.81
10634953.0,0.26,-0.08,9.22,-0.04,0.02,-0.01,24.91
10657953.0,0.28,-0.03,9.09,-0.04,0.02,-0.01,24.81
10680953.0,0.34,-0.08,9.22,-0.04,0.02,-0.01,24.95
10703953.0,0.28,-0.07,9.2,-0.04,0.02,-0.01,24.86
10726953.0,0.29,-0.15,9.25,-0.04,0.03,-0.01,24.77
10749953.0,0.39,-0.05,9.18,-0.04,0.03,-0.01,24.77
10772953.0,0.35,-0.03,9.1,-0.04,0.02,-0.01,24.81
10795953.0,0.4,-0.03,9.15,-0.04,0.03,-0.01,24.91
10818953.0,0.3,-0.07,9.29,-0.04,0.03,-0.01,24.81
10841953.0,0.34,-0.04,9.15,-0.04,0.02,-0.01,24.81
10864953.0,0.28,-0.05,9.16,-0.04,0.02,-0.01,24.86
10887953.0,0.31,-0.04,9.22,-0.04,0.03,-0.01,24.86
10910953.0,0.29,-0.16,9.17,-0.04,0.03,-0.01,24.95
10933953.0,0.32,-0.1,9.26,-0.04,0.03,-0.01,24.77
10956953.0,0.34,-0.06,9.22,-0.05,0.02,-0.01,24.86
10979953.0,0.27,-0.0,9.2,-0.04,0.03,-0.01,24.86
11002953.0,0.31,-0.06,9.2,-0.04,0.02,-0.01,24.81
11025953.0,0.31,-0.07,9.19,-0.04,0.03,-0.01,24.91
11048953.0,0.26,-0.05,9.24,-0.05,0.02,-0.01,24.95
11071953.0,0.34,-0.08,9.22,-0.04,0.02,-0.01,24.95
11094953.0,0.28,-0.11,9.2,-0.04,0.02,-0.01,24.86
11117953.0,0.27,-0.07,9.25,-0.04,0.03,-0.01,24.95
11140953.0,0.28,-0.08,9.16,-0.04,0.03,-0.01,24.86
11163953.0,0.32,-0.04,9.27,-0.04,0.03,-0.01,24.81
11186953.0,0.29,-0.07,9.21,-0.05,0.03,-0.01,24.91
11209953.0,0.35,-0.11,9.24,-0.04,0.03,-0.01,24.91
11232953.0,0.28,-0.02,9.24,-0.04,0.03,-0.01,24.91
11255953.0,0.35,-0.08,9.26,-0.04,0.02,-0.01,24.77
11278953.0,0.32,-0.06,9.17,-0.04,0.03,-0.01,24.95
11301953.0,0.31,-0.08,9.24,-0.04,0.02,-0.01,24.86
11324953.0,0.34,-0.11,9.24,-0.04,0.03,-0.01,24.86
11347953.0,0.28,-0.08,9.21,-0.04,0.03,-0.01,24.91
11370953.0,0.34,-0.06,9.17,-0.04,0.02,-0.01,24.81
11393953.0,0.32,-0.13,9.16,-0.04,0.03,-0.01,24.81
11416953.0,0.34,-0.03,9.11,-0.04,0.03,-0.01,24.91
11439953.0,0.33,-0.13,9.24,-0.05,0.02,-0.01,24.86
11462953.0,0.28,-0.09,9.24,-0.04,0.02,-0.01,24.86
11485953.0,0.33,-0.09,9.18,-0.04,0.03,-0.01,24.86
11508953.0,0.24,-0.07,9.25,-0.04,0.02,-0.01,24.86
11531953.0,0.28,-0.07,9.18,-0.04,0.03,-0.01,24.91
11554953.0,0.31,-0.06,9.14,-0.04,0.02,-0.01,24.91
11577953.0,0.36,-0.04,9.22,-0.04,0.02,-0.01,24.91
11600953.0,0.29,-0.09,9.17,-0.04,0.03,-0.01,24.91
11623953.0,0.33,-0.07,9.22,-0.04,0.03,-0.01,24.86
11646953.0,0.33,-0.09,9.15,-0.05,0.03,-0.01,24.86
11669953.0,0.28,-0.06,9.19,-0.04,0.03,-0.01,24.86
11692953.0,0.38,-0.1,9.26,-0.04,0.03,-0.01,24.95
11715953.0,0.31,-0.08,9.14,-0.04,0.02,-0.01,24.95
11738953.0,0.28,-0.14,9.21,-0.04,0.02,-0.01,24.86
11761953.0,0.27,-0.0,9.25,-0.04,0.03,-0.01,24.91
11784953.0,0.27,-0.09,9.19,-0.04,0.03,-0.01,24.91
11807953.0,0.29,-0.08,9.29,-0.04,0.03,-0.01,24.91
11830953.0,0.27,-0.13,9.28,-0.04,0.03,-0.01,24.86
11853953.0,0.31,-0.09,9.25,-0.04,0.03,-0.01,24.77
11876953.0,0.32,-0.11,9.23,-0.04,0.03,-0.01,24.86
11899953.0,0.31,-0.11,9.26,-0.04,0.03,-0.01,24.86
11922953.0,0.36,-0.03,9.17,-0.05,0.02,-0.01,24.81
11945953.0,0.37,-0.1,9.12,-0.04,0.03,-0.01,24.91
11968953.0,0.37,-0.05,9.25,-0.04,0.03,-0.01,24.81
11991953.0,0.32,-0.11,9.23,-0.04,0.03,-0.01,24.81
12014953.0,0.36,-0.08,9.25,-0.04,0.03,-0.01,24.86
12037953.0,0.33,-0.05,9.15,-0.04,0.03,-0.01,24.86
12060953.0,0.28,-0.05,9.15,-0.04,0.02,-0.0,24.86
12083953.0,0.3,-0.05,9.25,-0.04,0.02,-0.01,24.86
12106953.0,0.37,-0.07,9.26,-0.04,0.03,-0.01,24.81
12129953.0,0.36,-0.02,9.17,-0.04,0.03,-0.01,24.81
12152953.0,0.28,-0.03,9.25,-0.05,0.02,-0.01,24.91
12175953.0,0.31,-0.06,9.15,-0.04,0.02,-0.01,24.81
12198953.0,0.3,-0.09,9.16,-0.04,0.02,-0.01,24.86
12221953.0,0.3,-0.03,9.21,-0.05,0.03,-0.01,24.86
12244953.0,0.32,-0.05,9.12,-0.05,0.03,-0.01,24.95
12267953.0,0.25,-0.01,9.17,-0.04,0.03,-0.01,24.95
12290953.0,0.33,-0.07,9.19,-0.04,0.03,-0.01,24.91
12313953.0,0.25,-0.16,9.23,-0.04,0.03,-0.01,24.91
12336953.0,0.31,-0.07,9.21,-0.04,0.02,-0.01,24.81
12359953.0,0.29,-0.04,9.2,-0.04,0.03,-0.01,24.91
12382953.0,0.32,-0.05,9.28,-0.04,0.03,-0.01,24.86
12405953.0,0.3,-0.09,9.28,-0.04,0.02,-0.01,24.86
12428953.0,0.31,-0.05,9.22,-0.04,0.02,-0.01,24.95
12451953.0,0.28,-0.09,9.24,-0.04,0.03,-0.01,24.95
12474953.0,0.25,-0.05,9.23,-0.04,0.03,-0.01,24.86
12497953.0,0.31,-0.08,9.23,-0.04,0.03,-0.01,24.86
12520953.0,0.29,-0.09,9.17,-0.04,0.03,-0.0,24.81
12543953.0,0.24,-0.14,9.19,-0.04,0.03,-0.01,24.91
12566953.0,0.33,-0.06,9.18,-0.04,0.03,-0.01,24.91
12589953.0,0.34,-0.05,9.19,-0.04,0.03,-0.01,24.86
12612953.0,0.34,-0.12,9.14,-0.05,0.02,-0.01,24.95
12635953.0,0.33,-0.11,9.2,-0.04,0.02,-0.01,24.86
12658953.0,0.33,-0.09,9.18,-0.04,0.03,-0.01,24.95
12681953.0,0.29,-0.01,9.18,-0.04,0.03,-0.01,24.81
12704953.0,0.32,-0.06,9.28,-0.04,0.02,-0.01,24.81
12727953.0,0.26,-0.08,9.28,-0.04,0.02,-0.01,24.91
12750953.0,0.3,-0.1,9.28,-0.04,0.03,-0.01,24.81
12773953.0,0.32,-0.04,9.18,-0.04,0.03,-0.01,24.86
12796953.0,0.33,-0.11,9.17,-0.04,0.03,-0.01,24.86
12819953.0,0.32,-0.1,9.11,-0.04,0.02,-0.01,24.95
12842953.0,0.38,-0.07,9.14,-0.04,0.03,-0.01,24.86
12865953.0,0.38,-0.07,9.2,-0.04,0.02,-0.01,24.91
12888953.0,0.33,-0.11,9.23,-0.04,0.02,-0.01,24.91
12911953.0,0.33,-0.05,9.15,-0.04,0.03,-0.01,24.91
12934953.0,0.32,-0.13,9.16,-0.04,0.02,-0.01,24.91
12957953.0,0.35,-0.06,9.11,-0.04,0.02,-0.01,24.95
12980953.0,0.33,-0.07,9.17,-0.04,0.03,-0.01,24.86
13003953.0,0.32,-0.03,9.28,-0.04,0.02,-0.01,24.86
13026953.0,0.26,-0.12,9.14,-0.04,0.02,-0.01,24.95
13049953.0,0.3,-0.0,9.18,-0.04,0.03,-0.01,24.91
13072953.0,0.38,-0.07,9.16,-0.04,0.03,-0.01,24.91
13095953.0,0.3,-0.11,9.2,-0.04,0.03,-0.01,24.91
13118953.0,0.3,-0.09,9.19,-0.04,0.03,-0.01,24.91
13141953.0,0.34,-0.05,9.26,-0.05,0.03,-0.01,24.95
13164953.0,0.3,-0.1,9.18,-0.04,0.03,-0.01,24.86
13187953.0,0.31,-0.06,9.23,-0.05,0.02,-0.01,24.86
13210953.0,0.31,-0.09,9.2,-0.04,0.02,-0.01,24.86
13233953.0,0.32,-0.09,9.2,-0.05,0.02,-0.01,24.86
13256953.0,0.3,-0.07,9.24,-0.04,0.02,-0.01,24.86
13279953.0,0.3,-0.09,9.18,-0.04,0.03,-0.01,25.0
13302953.0,0.31,-0.07,9.26,-0.04,0.03,-0.01,24.91
13325953.0,0.31,-0.05,9.19,-0.04,0.02,-0.01,25.0
13348953.0,0.3,-0.06,9.19,-0.05,0.02,-0.01,24.95
13371953.0,0.3,-0.12,9.25,-0.05,0.02,-0.01,24.95
13394953.0,0.27,-0.03,9.16,-0.04,0.03,-0.01,24.86
13417953.0,0.29,-0.07,9.21,-0.04,0.02,-0.01,24.95
13440953.0,0.31,-0.04,9.28,-0.04,0.02,-0.01,24.81
13463953.0,0.3,-0.12,9.2,-0.04,0.03,-0.01,24.81
13486953.0,0.34,-0.07,9.27,-0.04,0.03,-0.01,24.91
13509953.0,0.32,-0.07,9.1,-0.04,0.02,-0.01,24.91
13532953.0,0.3,-0.04,9.13,-0.04,0.02,-0.01,24.86
13555953.0,0.39,-0.12,9.31,-0.04,0.02,-0.01,24.95
13578953.0,0.31,-0.07,9.23,-0.04,0.03,-0.01,24.86
13601953.0,0.3,-0.07,9.14,-0.04,0.02,-0.01,24.95
13624953.0,0.31,-0.07,9.2,-0.04,0.02,-0.01,24.91
13647953.0,0.35,-0.14,9.17,-0.04,0.03,-0.01,24.91
13670953.0,0.35,-0.04,9.23,-0.04,0.03,-0.01,24.91
13693953.0,0.33,-0.12,9.19,-0.04,0.03,-0.01,24.91
13716953.0,0.32,-0.06,9.2,-0.04,0.03,-0.01,24.86
13739953.0,0.31,-0.05,9.24,-0.04,0.03,-0.01,24.95
13762953.0,0.3,-0.11,9.19,-0.05,0.02,-0.01,24.95
13785953.0,0.33,-0.06,9.25,-0.04,0.03,-0.01,24.86
13808953.0,0.3,-0.14,9.19,-0.04,0.02,-0.01,24.81
13831953.0,0.29,0.01,9.23,-0.05,0.03,-0.01,24.91
13854953.0,0.28,-0.1,9.21,-0.04,0.03,-0.01,25.0
13877953.0,0.24,-0.04,9.23,-0.05,0.03,-0.01,24.91
13900953.0,0.32,-0.09,9.13,-0.04,0.02,-0.01,24.81
13923953.0,0.27,-0.06,9.19,-0.05,0.03,-0.01,24.86
13946953.0,0.35,-0.05,9.19,-0.04,0.02,-0.01,24.86
13969953.0,0.34,-0.07,9.28,-0.04,0.03,-0.01,24.95
13992953.0,0.34,-0.06,9.16,-0.04,0.03,-0.01,24.77
14015953.0,0.25,-0.04,9.26,-0.05,0.02,-0.01,24.95
14038953.0,0.29,-0.07,9.18,-0.04,0.02,-0.01,24.91
14061953.0,0.26,-0.05,9.22,-0.05,0.02,-0.01,25.0
14084953.0,0.35,-0.05,9.19,-0.04,0.02,-0.01,24.91
14107953.0,0.36,-0.04,9.11,-0.04,0.02,-0.01,24.86
14130953.0,0.3,-0.11,9.12,-0.04,0.03,-0.01,24.86
14153953.0,0.29,-0.09,9.22,-0.04,0.03,-0.01,24.86
14176953.0,0.34,-0.01,9.17,-0.04,0.03,-0.01,24.86
14199953.0,0.29,-0.04,9.17,-0.04,0.03,-0.01,24.91
14222953.0,0.29,-0.12,9.27,-0.04,0.03,-0.01,24.91
14245953.0,0.35,-0.01,9.24,-0.04,0.02,-0.01,24.91
14268953.0,0.26,-0.1,9.14,-0.04,0.02,-0.01,24.91
14291953.0,0.34,-0.01,9.2,-0.04,0.03,-0.01,24.86
14314953.0,0.32,-0.06,9.17,-0.04,0.03,-0.01,24.95
14337953.0,0.26,-0.09,9.19,-0.04,0.03,-0.01,24.77
14360953.0,0.35,-0.07,9.18,-0.04,0.03,-0.01,24.86
14383953.0,0.33,-0.06,9.28,-0.04,0.02,-0.01,24.91
14406953.0,0.34,-0.03,9.18,-0.04,0.03,-0.01,24.91
14429953.0,0.31,-0.02,9.18,-0.05,0.03,-0.01,24.81
14452953.0,0.32,-0.08,9.16,-0.04,0.02,-0.01,24.91
14475953.0,0.34,-0.0,9.24,-0.04,0.03,-0.01,24.86
14498953.0,0.28,-0.06,9.27,-0.04,0.03,-0.01,24.86
14521953.0,0.22,-0.16,9.23,-0.04,0.03,-0.01,24.86
14544953.0,0.28,-0.06,9.17,-0.04,0.02,-0.01,24.95
14567953.0,0.32,-0.11,9.19,-0.04,0.02,-0.01,24.86
14590953.0,0.28,-0.09,9.14,-0.04,0.03,-0.01,24.81
14613953.0,0.3,-0.05,9.21,-0.05,0.03,-0.01,24.91
14636953.0,0.27,-0.12,9.23,-0.04,0.03,-0.01,24.91
14659953.0,0.32,-0.05,9.2,-0.05,0.03,-0.01,24.91
14682953.0,0.31,-0.09,9.17,-0.04,0.03,-0.01,24.95
14705953.0,0.31,-0.09,9.23,-0.04,0.03,-0.01,24.95
14728953.0,0.29,-0.01,9.18,-0.04,0.03,-0.01,24.86
14751953.0,0.33,-0.11,9.3,-0.04,0.03,-0.01,24.95
14774953.0,0.33,-0.09,9.18,-0.05,0.03,-0.01,24.95
14797953.0,0.3,-0.06,9.16,-0.04,0.03,-0.01,24.91
14820953.0,0.32,-0.09,9.17,-0.04,0.03,-0.01,24.81
14843953.0,0.28,-0.07,9.19,-0.04,0.03,-0.01,24.91
14866953.0,0.28,-0.07,9.19,-0.04,0.02,-0.01,24.77
14889953.0,0.3,-0.02,9.22,-0.04,0.03,-0.01,24.86
14912953.0,0.31,-0.06,9.21,-0.04,0.03,-0.01,24.95
14935953.0,0.33,-0.11,9.17,-0.04,0.02,-0.01,24.86
14958953.0,0.28,-0.05,9.22,-0.04,0.03,-0.01,24.81
14981953.0,0.33,-0.05,9.23,-0.04,0.03,-0.01,24.81
15004953.0,0.28,-0.04,9.24,-0.04,0.02,-0.01,24.91
15027953.0,0.25,-0.09,9.18,-0.04,0.03,-0.01,24.81
15050953.0,0.29,-0.02,9.18,-0.04,0.02,-0.01,24.95
15073953.0,0.28,-0.06,9.11,-0.04,0.03,-0.01,24.77
15096953.0,0.27,-0.08,9.17,-0.05,0.03,-0.01,24.95
15119953.0,0.35,-0.1,9.09,-0.04,0.02,-0.01,24.77
15142953.0,0.26,-0.14,9.16,-0.04,0.02,-0.01,24.81
15165953.0,0.28,-0.12,9.24,-0.04,0.02,-0.01,24.81
15188953.0,0.26,-0.11,9.22,-0.05,0.03,-0.01,24.91
15211953.0,0.32,-0.1,9.24,-0.04,0.03,-0.01,24.81
15234953.0,0.31,-0.12,9.22,-0.04,0.03,-0.01,24.95
15257953.0,0.27,-0.07,9.22,-0.04,0.03,-0.01,24.86
15280953.0,0.3,-0.04,9.23,-0.04,0.03,-0.01,24.86
15303953.0,0.32,-0.15,9.19,-0.04,0.03,-0.01,24.86
15326953.0,0.29,-0.04,9.24,-0.04,0.02,-0.01,24.77
15349953.0,0.4,-0.09,9.21,-0.04,0.02,-0.01,24.91
15372953.0,0.31,-0.11,9.2,-0.04,0.03,-0.01,24.91
15395953.0,0.32,-0.08,9.24,-0.04,0.02,-0.01,24.91
15418953.0,0.32,-0.03,9.25,-0.04,0.02,-0.01,24.91
15441953.0,0.28,-0.08,9.24,-0.04,0.02,-0.01,24.86
15464953.0,0.32,-0.07,9.19,-0.04,0.02,-0.01,24.86
15487953.0,0.29,-0.1,9.19,-0.04,0.03,-0.01,24.77
15510953.0,0.31,-0.06,9.18,-0.04,0.03,-0.01,24.86
15533953.0,0.33,-0.1,9.16,-0.04,0.03,-0.01,24.86
15556953.0,0.32,-0.06,9.22,-0.04,0.03,-0.01,24.81
15579953.0,0.31,-0.07,9.22,-0.04,0.02,-0.01,24.81
15602953.0,0.36,-0.08,9.18,-0.04,0.03,-0.01,24.81
15625953.0,0.31,-0.07,9.08,-0.04,0.03,-0.01,24.86
15648953.0,0.31,-0.03,9.16,-0.04,0.03,-0.01,24.86
15671953.0,0.26,-0.11,9.08,-0.04,0.03,-0.01,24.86
15694953.0,0.32,-0.12,9.22,-0.04,0.03,-0.01,24.86
15717953.0,0.31,-0.05,9.2,-0.04,0.03,-0.01,24.81
15740953.0,0.31,-0.11,9.3,-0.04,0.03,-0.01,24.91
15763953.0,0.37,-0.1,9.2,-0.04,0.02,-0.01,24.91
15786953.0,0.3,-0.12,9.21,-0.04,0.03,-0.01,24.81
15809953.0,0.25,-0.03,9.2,-0.04,0.03,-0.01,24.86
15832953.0,0.29,-0.07,9.22,-0.04,0.03,-0.01,24.86
15855953.0,0.31,-0.08,9.29,-0.04,0.03,-0.01,24.95
15878953.0,0.26,-0.06,9.12,-0.04,0.02,-0.01,24.86
15901953.0,0.28,-0.1,9.25,-0.04,0.03,-0.01,24.91
15924953.0,0.34,-0.11,9.2,-0.04,0.03,-0.0,24.91
15947953.0,0.37,-0.07,9.19,-0.04,0.03,-0.01,25.0
15970953.0,0.3,-0.05,9.11,-0.04,0.03,-0.01,24.91
15993953.0,0.26,-0.09,9.27,-0.04,0.02,-0.01,24.81
16016953.0,0.29,-0.13,9.3,-0.04,0.02,-0.01,24.95
16039953.0,0.32,-0.06,9.25,-0.04,0.02,-0.01,24.95
16062953.0,0.3,-0.04,9.12,-0.04,0.02,-0.01,24.86
16085953.0,0.25,-0.05,9.21,-0.05,0.03,-0.01,24.86
16108953.0,0.29,-0.06,9.23,-0.04,0.03,-0.01,24.91
16131953.0,0.36,-0.09,9.28,-0.04,0.03,-0.01,24.91
16154953.0,0.27,-0.03,9.22,-0.04,0.03,-0.01,24.81
16177953.0,0.34,-0.1,9.16,-0.04,0.03,-0.01,24.91
16200953.0,0.31,-0.05,9.21,-0.04,0.03,-0.01,24.86
16223953.0,0.27,-0.06,9.19,-0.04,0.03,-0.01,24.95
16246953.0,0.37,-0.11,9.18,-0.04,0.02,-0.01,24.86
16269953.0,0.31,-0.05,9.21,-0.04,0.02,-0.01,24.95
16292953.0,0.27,-0.02,9.2,-0.04,0.02,-0.01,24.86
16315953.0,0.24,-0.02,9.17,-0.04,0.03,-0.01,24.86
16338953.0,0.28,-0.08,9.2,-0.04,0.03,-0.01,24.81
16361953.0,0.29,-0.11,9.14,-0.04,0.03,-0.01,24.81
16384953.0,0.34,-0.06,9.23,-0.04,0.02,-0.01,24.86
16407953.0,0.28,-0.07,9.23,-0.04,0.02,-0.01,24.86
16430953.0,0.32,-0.07,9.17,-0.05,0.03,-0.01,24.86
16453953.0,0.32,-0.07,9.18,-0.04,0.02,-0.01,24.77
16476953.0,0.28,-0.04,9.14,-0.04,0.03,-0.01,24.81
16499953.0,0.32,-0.06,9.31,-0.04,0.02,-0.01,24.91
16522953.0,0.33,-0.09,9.24,-0.04,0.03,-0.01,25.0
16545953.0,0.29,-0.1,9.23,-0.04,0.02,-0.01,24.91
16568953.0,0.34,-0.06,9.17,-0.04,0.02,-0.01,24.86
16591953.0,0.29,-0.08,9.32,-0.04,0.03,-0.01,24.86
16614953.0,0.33,-0.04,9.09,-0.04,0.03,-0.01,24.86
16637953.0,0.27,-0.07,9.26,-0.04,0.02,-0.01,24.86
16660953.0,0.29,-0.13,9.14,-0.04,0.02,-0.01,24.77
16683953.0,0.34,-0.06,9.28,-0.04,0.03,-0.01,24.81
16706953.0,0.32,-0.1,9.22,-0.04,0.03,-0.01,24.91
16729953.0,0.38,-0.04,9.22,-0.04,0.03,-0.01,24.81
16752953.0,0.33,-0.07,9.14,-0.04,0.03,-0.01,24.81
16775953.0,0.3,-0.05,9.23,-0.04,0.02,-0.01,24.86
16798953.0,0.33,-0.06,9.2,-0.05,0.03,-0.01,24.95
16821953.0,0.31,-0.11,9.28,-0.04,0.03,-0.01,24.95
16844953.0,0.29,-0.02,9.21,-0.04,0.02,-0.01,24.77
16867953.0,0.27,-0.03,9.26,-0.04,0.03,-0.01,24.91
16890953.0,0.29,-0.09,9.27,-0.04,0.02,-0.01,24.81
16913953.0,0.32,-0.12,9.21,-0.05,0.02,-0.01,24.91
16936953.0,0.25,-0.14,9.14,-0.04,0.02,-0.01,24.91
16959953.0,0.36,-0.09,9.23,-0.04,0.03,-0.01,24.86
16982953.0,0.38,-0.07,9.14,-0.05,0.03,-0.01,24.86
17005953.0,0.27,-0.09,9.2,-0.04,0.03,-0.01,24.86
17028953.0,0.28,-0.13,9.22,-0.04,0.03,-0.01,24.86
17051953.0,0.29,-0.11,9.08,-0.04,0.02,-0.01,24.86
17074953.0,0.36,-0.08,9.15,-0.04,0.03,-0.01,24.86
17097953.0,0.3,-0.08,9.17,-0.04,0.02,-0.01,24.81
17120953.0,0.29,-0.05,9.24,-0.04,0.03,-0.01,24.81
17143953.0,0.31,-0.1,9.2,-0.04,0.03,-0.01,24.77
17166953.0,0.33,-0.03,9.27,-0.04,0.02,-0.01,24.95
17189953.0,0.31,-0.08,9.24,-0.04,0.03,-0.01,24.86
17212953.0,0.31,-0.11,9.27,-0.05,0.03,-0.01,24.86
17235953.0,0.28,-0.07,9.08,-0.04,0.02,-0.01,24.91
17258953.0,0.26,-0.04,9.27,-0.04,0.02,-0.01,24.81
17281953.0,0.29,-0.09,9.19,-0.04,0.03,-0.01,24.81
17304953.0,0.3,-0.01,9.14,-0.04,0.02,-0.01,24.81
17327953.0,0.34,-0.0,9.19,-0.04,0.02,-0.01,24.81
17350953.0,0.29,-0.09,9.15,-0.05,0.02,-0.01,24.86
17373953.0,0.26,-0.12,9.22,-0.04,0.02,-0.01,24.95
17396953.0,0.32,-0.11,9.25,-0.04,0.02,-0.01,24.86
17419953.0,0.28,-0.04,9.18,-0.04,0.03,-0.01,24.86
17442953.0,0.33,-0.11,9.27,-0.04,0.03,-0.01,24.72
17465953.0,0.32,-0.13,9.14,-0.04,0.03,-0.01,24.81
17488953.0,0.3,-0.05,9.15,-0.04,0.02,-0.01,24.91
17511953.0,0.3,-0.1,9.31,-0.04,0.03,-0.01,24.91
17534953.0,0.35,-0.04,9.16,-0.04,0.02,-0.01,24.86
17557953.0,0.26,-0.07,9.24,-0.04,0.03,-0.01,24.86
17580953.0,0.36,-0.04,9.24,-0.04,0.03,-0.01,24.95
17603953.0,0.28,-0.1,9.3,-0.04,0.02,-0.01,24.95
17626953.0,0.28,-0.06,9.27,-0.04,0.02,-0.01,24.91
17649953.0,0.38,-0.03,9.17,-0.04,0.03,-0.01,24.91
17672953.0,0.3,-0.11,9.28,-0.04,0.03,-0.01,24.91
17695953.0,0.31,-0.11,9.18,-0.04,0.02,-0.01,24.81
17718953.0,0.29,-0.09,9.21,-0.04,0.02,-0.01,24.86
17741953.0,0.33,-0.06,9.12,-0.05,0.03,-0.01,24.86
17764953.0,0.3,-0.08,9.15,-0.04,0.02,-0.01,24.86
17787953.0,0.28,-0.16,9.23,-0.04,0.02,-0.01,24.86
17810953.0,0.28,-0.06,9.22,-0.04,0.03,-0.01,24.86
17833953.0,0.28,-0.11,9.27,-0.05,0.03,-0.01,24.95
17856953.0,0.35,-0.06,9.25,-0.04,0.02,-0.01,24.91
17879953.0,0.3,-0.11,9.2,-0.04,0.03,-0.01,24.91
17902953.0,0.3,-0.07,9.27,-0.04,0.02,-0.01,24.95
17925953.0,0.35,-0.09,9.19,-0.04,0.03,-0.01,24.86
17948953.0,0.26,-0.01,9.15,-0.04,0.02,-0.01,24.95
17971953.0,0.26,-0.08,9.22,-0.04,0.03,-0.01,24.95
17994953.0,0.37,0.01,9.28,-0.04,0.02,-0.01,24.91
18017953.0,0.29,-0.11,9.2,-0.04,0.03,-0.01,24.91
18040953.0,0.21,-0.14,9.21,-0.04,0.03,-0.01,25.0
18063953.0,0.33,-0.08,9.18,-0.04,0.02,-0.01,25.0
18086953.0,0.3,-0.1,9.19,-0.04,0.02,-0.01,24.91
18109953.0,0.3,-0.11,9.18,-0.04,0.02,-0.01,24.77
18132953.0,0.32,-0.09,9.25,-0.04,0.02,-0.01,24.86
18155953.0,0.26,-0.07,9.11,-0.04,0.03,-0.01,24.86
18178953.0,0.24,-0.06,9.21,-0.04,0.03,-0.01,24.95
18201953.0,0.33,-0.08,9.16,-0.04,0.03,-0.01,24.91
18224953.0,0.32,-0.04,9.23,-0.04,0.02,-0.01,24.81
18247953.0,0.32,-0.08,9.19,-0.04,0.03,-0.01,24.91
18270953.0,0.38,-0.05,9.19,-0.04,0.03,-0.01,24.91
18293953.0,0.35,-0.11,9.22,-0.04,0.02,-0.01,24.86
18316953.0,0.31,-0.15,9.16,-0.04,0.02,-0.01,24.86
18339953.0,0.28,-0.06,9.3,-0.04,0.03,-0.01,24.86
18362953.0,0.28,-0.09,9.3,-0.04,0.03,-0.01,24.86
18385953.0,0.34,-0.08,9.15,-0.04,0.02,-0.01,24.91
18408953.0,0.26,-0.06,9.16,-0.04,0.02,-0.01,24.81
18431953.0,0.3,-0.07,9.24,-0.05,0.02,-0.01,24.91
18454953.0,0.28,-0.06,9.2,-0.05,0.02,-0.01,24.91
18477953.0,0.26,-0.07,9.25,-0.04,0.02,-0.01,24.86
18500953.0,0.32,-0.08,9.16,-0.04,0.02,-0.01,24.86
18523953.0,0.33,0.0,9.12,-0.04,0.03,-0.01,24.95
18546953.0,0.29,-0.1,9.22,-0.05,0.02,-0.01,24.86
18569953.0,0.26,-0.07,9.2,-0.04,0.02,-0.01,24.86
18592953.0,0.28,-0.11,9.19,-0.04,0.02,-0.01,24.86
18615953.0,0.3,-0.02,9.2,-0.04,0.02,-0.01,24.81
18638953.0,0.34,-0.07,9.2,-0.04,0.02,-0.01,24.81
18661953.0,0.3,-0.07,9.17,-0.04,0.02,-0.01,24.86
18684953.0,0.38,-0.08,9.22,-0.04,0.02,-0.01,24.95
18707953.0,0.25,-0.03,9.2,-0.04,0.03,-0.01,24.86
18730953.0,0.34,-0.05,9.22,-0.04,0.03,-0.01,24.95
18753953.0,0.33,-0.09,9.12,-0.04,0.03,-0.01,24.86
18776953.0,0.24,-0.07,9.22,-0.04,0.02,-0.01,24.81
18799953.0,0.28,-0.1,9.15,-0.04,0.03,-0.01,24.91
18822953.0,0.32,-0.17,9.22,-0.04,0.03,-0.01,24.91
18845953.0,0.34,-0.11,9.19,-0.04,0.03,-0.01,24.91
18868953.0,0.32,-0.04,9.17,-0.04,0.03,-0.01,24.86
18891953.0,0.33,-0.08,9.16,-0.04,0.02,-0.01,24.86
18914953.0,0.25,-0.06,9.23,-0.04,0.02,-0.01,24.95
18937953.0,0.29,-0.1,9.12,-0.04,0.03,-0.01,24.86
18960953.0,0.26,-0.07,9.16,-0.04,0.02,-0.01,24.91
18983953.0,0.32,-0.07,9.23,-0.04,0.03,-0.01,24.91
19006953.0,0.29,-0.08,9.26,-0.04,0.03,-0.01,24.91
19029953.0,0.33,-0.08,9.23,-0.04,0.03,-0.01,24.81
19052953.0,0.28,-0.07,9.18,-0.04,0.03,-0.01,24.86
19075953.0,0.35,-0.06,9.2,-0.04,0.02,-0.01,24.95
19098953.0,0.27,-0.08,9.27,-0.04,0.02,-0.01,24.95
19121953.0,0.31,-0.07,9.24,-0.04,0.02,-0.01,24.86
19144953.0,0.28,-0.03,9.19,-0.04,0.02,-0.01,24.91
19167953.0,0.31,-0.06,9.14,-0.04,0.02,-0.01,24.81
19190953.0,0.3,-0.01,9.22,-0.04,0.02,-0.01,24.91
19213953.0,0.33,-0.06,9.17,-0.05,0.03,-0.01,24.81
19236953.0,0.28,-0.08,9.24,-0.04,0.03,-0.01,24.95
19259953.0,0.32,-0.15,9.09,-0.04,0.02,-0.01,24.86
19282953.0,0.31,0.05,9.26,-0.04,0.02,-0.01,24.86
19305953.0,0.31,-0.1,9.13,-0.04,0.02,-0.01,24.86
19328953.0,0.3,-0.07,9.2,-0.04,0.03,-0.01,24.77
19351953.0,0.25,-0.09,9.15,-0.04,0.02,-0.01,24.86
19374953.0,0.31,-0.02,9.21,-0.04,0.03,-0.01,24.91
19397953.0,0.3,-0.03,9.19,-0.04,0.02,-0.01,24.91
19420953.0,0.36,-0.06,9.21,-0.04,0.03,-0.01,24.91
19443953.0,0.32,-0.03,9.26,-0.04,0.02,-0.01,24.86
19466953.0,0.31,-0.06,9.25,-0.04,0.03,-0.01,24.86
19489953.0,0.32,-0.06,9.22,-0.04,0.03,-0.01,24.95
19512953.0,0.27,-0.04,9.1,-0.04,0.02,-0.01,24.95
19535953.0,0.34,-0.08,9.18,-0.04,0.02,-0.01,25.0
19558953.0,0.3,-0.05,9.17,-0.04,0.03,-0.01,24.81
19581953.0,0.32,-0.09,9.15,-0.04,0.02,-0.01,24.91
19604953.0,0.3,-0.06,9.2,-0.04,0.03,-0.01,24.81
19627953.0,0.32,-0.09,9.21,-0.04,0.03,-0.01,24.86
19650953.0,0.34,-0.02,9.26,-0.04,0.03,-0.01,24.86
19673953.0,0.27,-0.13,9.17,-0.04,0.03,-0.01,24.95
19696953.0,0.33,-0.11,9.26,-0.04,0.02,-0.01,24.86
19719953.0,0.33,-0.05,9.23,-0.05,0.03,-0.01,24.91
19742953.0,0.32,-0.02,9.27,-0.04,0.02,-0.01,24.81
19765953.0,0.34,-0.04,9.2,-0.04,0.02,-0.01,24.91
19788953.0,0.34,-0.11,9.19,-0.05,0.02,-0.01,24.91
19811953.0,0.32,-0.04,9.21,-0.04,0.02,-0.01,24.86
19834953.0,0.32,-0.06,9.18,-0.04,0.03,-0.01,24.95
19857953.0,0.34,-0.09,9.2,-0.04,0.03,-0.01,24.95
19880953.0,0.24,0.0,9.24,-0.05,0.03,-0.01,24.77
19903953.0,0.33,-0.06,9.18,-0.04,0.03,-0.01,24.91
19926953.0,0.32,-0.05,9.28,-0.04,0.03,-0.01,24.81
19949953.0,0.41,-0.06,9.19,-0.04,0.03,-0.01,24.91
19972953.0,0.32,-0.09,9.23,-0.04,0.03,-0.01,24.81
19995953.0,0.29,-0.06,9.17,-0.04,0.03,-0.01,24.86
20018953.0,0.28,-0.09,9.24,-0.04,0.03,-0.01,24.86
20041953.0,0.29,-0.11,9.24,-0.04,0.03,-0.01,24.95
20064953.0,0.29,-0.1,9.3,-0.04,0.03,-0.01,24.95
20087953.0,0.3,-0.03,9.18,-0.04,0.03,-0.01,24.86
20110953.0,0.32,-0.12,9.18,-0.04,0.03,-0.01,24.86
20133953.0,0.3,-0.06,9.17,-0.05,0.03,-0.01,25.0
20156953.0,0.34,-0.04,9.15,-0.05,0.02,-0.01,24.91
20179953.0,0.3,-0.07,9.25,-0.04,0.02,-0.01,24.81
20202953.0,0.29,-0.07,9.22,-0.04,0.03,-0.01,24.86
20225953.0,0.33,-0.06,9.26,-0.04,0.03,-0.01,24.95
20248953.0,0.25,-0.07,9.23,-0.04,0.03,-0.01,24.86
20271953.0,0.32,-0.12,9.14,-0.04,0.03,-0.01,24.86
20294953.0,0.25,-0.06,9.26,-0.04,0.03,-0.01,24.91
20317953.0,0.26,-0.05,9.17,-0.04,0.03,-0.01,24.91
20340953.0,0.29,-0.11,9.16,-0.04,0.03,-0.01,24.81
20363953.0,0.3,0.02,9.14,-0.04,0.03,-0.01,25.0
20386953.0,0.32,-0.12,9.15,-0.04,0.02,-0.01,24.86
20409953.0,0.31,-0.05,9.23,-0.05,0.03,-0.01,24.86
20432953.0,0.3,-0.02,9.18,-0.04,0.03,-0.01,24.95
20455953.0,0.27,-0.05,9.23,-0.04,0.02,-0.01,24.86
20478953.0,0.27,-0.07,9.19,-0.04,0.03,-0.01,24.91
20501953.0,0.34,-0.08,9.26,-0.04,0.02,-0.01,24.91
20524953.0,0.25,-0.03,9.25,-0.04,0.03,-0.01,24.91
20547953.0,0.3,-0.03,9.22,-0.04,0.02,-0.01,24.91
20570953.0,0.33,-0.07,9.2,-0.04,0.03,-0.01,24.86
20593953.0,0.29,-0.09,9.18,-0.04,0.03,-0.01,24.86
20616953.0,0.25,-0.1,9.28,-0.04,0.03,-0.01,24.86
20639953.0,0.33,-0.07,9.19,-0.04,0.02,-0.01,24.86
20662953.0,0.33,-0.04,9.27,-0.04,0.03,-0.01,24.91
20685953.0,0.31,-0.1,9.23,-0.05,0.03,-0.01,24.81
20708953.0,0.25,-0.1,9.21,-0.04,0.03,-0.01,24.91
20731953.0,0.31,-0.09,9.21,-0.04,0.03,-0.01,24.91
20754953.0,0.32,-0.09,9.19,-0.04,0.03,-0.01,24.86
20777953.0,0.28,-0.12,9.29,-0.05,0.03,-0.01,24.95
20800953.0,0.34,-0.14,9.16,-0.05,0.02,-0.01,24.95
20823953.0,0.37,-0.11,9.16,-0.04,0.02,-0.01,24.95
20846953.0,0.33,-0.08,9.24,-0.04,0.02,-0.01,24.86
20869953.0,0.35,-0.12,9.15,-0.04,0.02,-0.01,24.95
20892953.0,0.24,-0.04,9.14,-0.04,0.02,-0.01,24.91
20915953.0,0.3,-0.09,9.22,-0.04,0.03,-0.01,24.81
20938953.0,0.27,-0.09,9.14,-0.04,0.03,-0.01,24.81
20961953.0,0.28,-0.05,9.17,-0.04,0.03,-0.01,24.86
20984953.0,0.32,-0.04,9.16,-0.04,0.02,-0.01,24.86
21007953.0,0.27,-0.07,9.23,-0.04,0.03,-0.01,24.86
21030953.0,0.3,-0.1,9.22,-0.04,0.02,-0.01,24.86
21053953.0,0.25,-0.03,9.13,-0.04,0.03,-0.01,24.81
21076953.0,0.31,-0.09,9.14,-0.05,0.02,-0.01,24.81
21099953.0,0.29,-0.05,9.18,-0.04,0.02,-0.01,24.91
21122953.0,0.29,-0.11,9.18,-0.05,0.02,-0.01,24.91
21145953.0,0.31,-0.1,9.17,-0.04,0.03,-0.01,24.95
21168953.0,0.29,-0.05,9.15,-0.04,0.02,-0.01,24.86
21191953.0,0.33,-0.08,9.25,-0.04,0.03,-0.01,24.86
21214953.0,0.35,-0.12,9.26,-0.04,0.03,-0.01,24.86
21237953.0,0.33,-0.08,9.3,-0.04,0.02,-0.01,24.91
21260953.0,0.34,-0.07,9.24,-0.04,0.03,-0.01,24.91
21283953.0,0.34,-0.11,9.14,-0.04,0.03,-0.01,24.91
21306953.0,0.28,-0.02,9.24,-0.04,0.03,-0.01,24.81
21329953.0,0.28,-0.05,9.17,-0.04,0.03,-0.01,24.86
21352953.0,0.26,-0.09,9.2,-0.04,0.03,-0.01,24.86
21375953.0,0.34,-0.08,9.16,-0.04,0.03,-0.01,24.86
21398953.0,0.31,-0.03,9.14,-0.04,0.03,-0.01,24.95
21421953.0,0.33,-0.07,9.21,-0.04,0.03,-0.01,24.81
21444953.0,0.3,-0.11,9.16,-0.04,0.03,-0.01,24.91
21467953.0,0.34,-0.09,9.25,-0.04,0.03,-0.01,24.91
21490953.0,0.3,-0.11,9.21,-0.04,0.02,-0.01,24.91
21513953.0,0.29,-0.04,9.22,-0.04,0.03,-0.01,24.81
21536953.0,0.29,-0.11,9.19,-0.04,0.02,-0.01,24.86
21559953.0,0.29,-0.06,9.25,-0.04,0.03,-0.01,24.86
21582953.0,0.31,-0.06,9.2,-0.04,0.03,-0.01,24.95
21605953.0,0.34,-0.11,9.23,-0.04,0.03,-0.01,24.95
21628953.0,0.26,-0.07,9.3,-0.04,0.02,-0.01,24.86
21651953.0,0.29,-0.06,9.22,-0.04,0.03,-0.01,24.81
21674953.0,0.3,-0.05,9.17,-0.04,0.03,-0.01,24.91
21697953.0,0.34,-0.07,9.18,-0.04,0.02,-0.01,24.91
21720953.0,0.32,-0.09,9.24,-0.04,0.03,-0.01,24.86
21743953.0,0.34,-0.09,9.13,-0.04,0.02,-0.01,24.86
21766953.0,0.29,-0.06,9.15,-0.04,0.03,-0.01,24.95
21789953.0,0.32,-0.08,9.21,-0.04,0.02,-0.01,24.86
21812953.0,0.39,-0.06,9.21,-0.04,0.02,-0.01,24.81
21835953.0,0.28,-0.07,9.21,-0.04,0.03,-0.01,24.91
21858953.0,0.3,-0.06,9.2,-0.04,0.02,-0.01,24.91
21881953.0,0.32,-0.06,9.19,-0.04,0.02,-0.01,24.91
21904953.0,0.27,-0.1,9.13,-0.04,0.03,-0.01,24.95
21927953.0,0.36,-0.07,9.17,-0.04,0.02,-0.01,24.86
21950953.0,0.3,-0.08,9.25,-0.04,0.03,-0.01,24.86
21973953.0,0.29,-0.11,9.16,-0.04,0.02,-0.01,24.86
21996953.0,0.33,-0.04,9.22,-0.04,0.03,-0.01,24.91
22019953.0,0.3,-0.1,9.15,-0.04,0.03,-0.01,24.91
22042953.0,0.31,-0.06,9.31,-0.04,0.02,-0.01,24.81
22065953.0,0.28,-0.06,9.23,-0.04,0.02,-0.01,25.0
22088953.0,0.31,-0.07,9.22,-0.05,0.03,-0.01,24.86
22111953.0,0.3,-0.09,9.22,-0.04,0.02,-0.01,24.95
22134953.0,0.33,-0.05,9.17,-0.04,0.03,-0.01,24.95
22157953.0,0.25,-0.07,9.21,-0.04,0.03,-0.01,24.86
22180953.0,0.35,-0.1,9.25,-0.04,0.03,-0.01,24.86
22203953.0,0.35,-0.08,9.21,-0.04,0.02,-0.01,24.91
22226953.0,0.32,-0.06,9.21,-0.04,0.02,-0.01,24.91
22249953.0,0.31,-0.06,9.31,-0.04,0.03,-0.01,24.91
22272953.0,0.26,-0.06,9.17,-0.05,0.03,-0.01,24.81
22295953.0,0.29,-0.04,9.25,-0.04,0.03,-0.01,24.86
22318953.0,0.33,-0.15,9.25,-0.04,0.03,-0.01,24.86
22341953.0,0.31,-0.14,9.31,-0.04,0.03,-0.01,24.95
22364953.0,0.29,-0.07,9.17,-0.05,0.02,-0.01,24.86
22387953.0,0.28,-0.12,9.27,-0.04,0.03,-0.01,24.86
22410953.0,0.3,-0.02,9.21,-0.04,0.03,-0.01,24.91
22433953.0,0.29,-0.09,9.24,-0.04,0.02,-0.01,24.91
22456953.0,0.31,-0.1,9.19,-0.04,0.03,-0.01,24.91
22479953.0,0.28,-0.1,9.23,-0.04,0.02,-0.01,24.86
22502953.0,0.29,-0.06,9.27,-0.04,0.03,-0.01,24.95
22525953.0,0.3,-0.05,9.14,-0.04,0.03,-0.01,24.86
22548953.0,0.27,-0.07,9.13,-0.04,0.02,-0.01,24.95
22571953.0,0.32,-0.05,9.31,-0.04,0.03,-0.01,24.91
22594953.0,0.32,-0.02,9.28,-0.04,0.02,-0.01,24.91
22617953.0,0.33,-0.11,9.19,-0.04,0.03,-0.01,24.91
22640953.0,0.28,-0.09,9.18,-0.04,0.03,-0.01,24.91
22663953.0,0.29,-0.12,9.25,-0.04,0.03,-0.01,24.86
22686953.0,0.34,-0.09,9.21,-0.04,0.02,-0.01,24.86
22709953.0,0.34,-0.07,9.18,-0.04,0.02,-0.01,24.86
22732953.0,0.28,-0.05,9.24,-0.04,0.03,-0.01,24.95
22755953.0,0.29,-0.06,9.26,-0.04,0.03,-0.01,24.91
22778953.0,0.25,-0.04,9.2,-0.04,0.03,-0.01,24.91
22801953.0,0.27,-0.11,9.12,-0.04,0.03,-0.01,24.91
22824953.0,0.34,-0.07,9.22,-0.05,0.03,-0.01,24.81
22847953.0,0.27,-0.1,9.19,-0.04,0.03,-0.01,24.81
22870953.0,0.24,-0.09,9.2,-0.04,0.03,-0.01,24.86
22893953.0,0.29,-0.06,9.13,-0.04,0.02,-0.01,24.95
22916953.0,0.23,-0.09,9.24,-0.04,0.03,-0.01,24.86
22939953.0,0.34,-0.07,9.17,-0.04,0.02,-0.01,24.86
22962953.0,0.24,-0.05,9.26,-0.04,0.02,-0.01,25.0
22985953.0,0.27,-0.07,9.21,-0.04,0.03,-0.01,24.91
23008953.0,0.29,-0.06,9.17,-0.04,0.03,-0.01,24.91
23031953.0,0.24,-0.09,9.17,-0.04,0.02,-0.01,24.91
23054953.0,0.29,-0.1,9.23,-0.04,0.02,-0.01,24.86
23077953.0,0.3,-0.05,9.29,-0.04,0.02,-0.01,24.86
23100953.0,0.33,-0.04,9.17,-0.04,0.03,-0.01,24.86
23123953.0,0.31,-0.1,9.16,-0.04,0.03,-0.01,24.95
23146953.0,0.28,-0.07,9.16,-0.04,0.02,-0.01,24.77
23169953.0,0.35,-0.12,9.25,-0.04,0.03,-0.01,24.81
23192953.0,0.3,-0.08,9.22,-0.04,0.03,-0.01,24.91
23215953.0,0.3,-0.07,9.17,-0.04,0.03,-0.01,24.91
23238953.0,0.35,-0.06,9.19,-0.04,0.02,-0.01,24.95
23261953.0,0.28,-0.01,9.24,-0.04,0.03,-0.01,24.86
23284953.0,0.35,-0.06,9.23,-0.04,0.03,-0.01,24.86
23307953.0,0.29,-0.06,9.24,-0.04,0.03,-0.01,24.86
23330953.0,0.32,-0.08,9.19,-0.04,0.03,-0.01,24.91
23353953.0,0.31,-0.12,9.21,-0.04,0.02,-0.01,24.91
23376953.0,0.29,-0.06,9.18,-0.04,0.03,-0.01,24.91
23399953.0,0.25,-0.09,9.22,-0.05,0.03,-0.01,24.91
23422953.0,0.32,-0.09,9.13,-0.04,0.03,-0.01,24.86
23445953.0,0.28,-0.06,9.21,-0.04,0.03,-0.01,24.86
23468953.0,0.3,-0.02,9.28,-0.04,0.03,-0.01,24.95
23491953.0,0.28,-0.03,9.14,-0.04,0.02,-0.01,24.86
23514953.0,0.34,-0.11,9.17,-0.05,0.03,-0.01,24.81
23537953.0,0.35,-0.1,9.16,-0.04,0.03,-0.01,24.91
23560953.0,0.3,-0.1,9.21,-0.04,0.02,-0.01,24.81
23583953.0,0.34,-0.09,9.21,-0.04,0.03,-0.01,24.91
23606953.0,0.38,-0.09,9.17,-0.05,0.02,-0.01,24.91
23629953.0,0.31,-0.05,9.13,-0.04,0.02,-0.01,24.86
23652953.0,0.36,-0.08,9.17,-0.04,0.03,-0.01,24.77
23675953.0,0.38,-0.1,9.28,-0.04,0.02,-0.01,24.86
23698953.0,0.25,-0.06,9.18,-0.04,0.02,-0.01,24.86
23721953.0,0.27,-0.1,9.19,-0.04,0.03,-0.01,24.91
23744953.0,0.39,-0.07,9.29,-0.04,0.02,-0.01,24.81
23767953.0,0.34,-0.09,9.2,-0.05,0.03,-0.01,24.91
23790953.0,0.33,-0.14,9.23,-0.04,0.03,-0.01,24.91
23813953.0,0.36,-0.09,9.18,-0.04,0.03,-0.01,24.86
23836953.0,0.3,-0.1,9.19,-0.04,0.03,-0.01,24.95
23859953.0,0.28,-0.07,9.11,-0.04,0.03,-0.01,24.86
23882953.0,0.32,-0.08,9.2,-0.04,0.02,-0.01,24.86
23905953.0,0.26,-0.11,9.17,-0.05,0.03,-0.01,24.95
23928953.0,0.33,-0.06,9.17,-0.04,0.03,-0.01,24.86
23951953.0,0.31,-0.06,9.28,-0.04,0.02,-0.01,24.81
23974953.0,0.35,-0.15,9.26,-0.04,0.02,-0.01,24.91
23997953.0,0.38,-0.07,9.16,-0.04,0.02,-0.01,24.95
24020953.0,0.31,-0.09,9.24,-0.04,0.02,-0.01,24.86
24043953.0,0.27,-0.11,9.17,-0.04,0.03,-0.01,24.86
24066953.0,0.28,-0.08,9.2,-0.04,0.03,-0.01,24.95
24089953.0,0.33,-0.07,9.16,-0.04,0.02,-0.01,24.91
24112953.0,0.36,-0.08,9.12,-0.04,0.03,-0.01,24.91
24135953.0,0.29,-0.07,9.14,-0.04,0.02,-0.01,24.91
24158953.0,0.28,-0.05,9.19,-0.04,0.03,-0.01,24.91
24181953.0,0.27,-0.11,9.27,-0.04,0.03,-0.01,24.95
24204953.0,0.36,-0.08,9.22,-0.04,0.02,-0.01,24.86
24227953.0,0.32,-0.08,9.19,-0.04,0.03,-0.01,24.86
24250953.0,0.28,-0.15,9.2,-0.04,0.02,-0.01,24.95
24273953.0,0.31,-0.06,9.22,-0.04,0.02,-0.01,24.86
24296953.0,0.28,-0.13,9.22,-0.04,0.02,-0.01,24.91
24319953.0,0.29,-0.06,9.22,-0.04,0.02,-0.01,24.91
24342953.0,0.29,-0.07,9.17,-0.04,0.02,-0.01,25.0
24365953.0,0.29,-0.07,9.25,-0.04,0.03,-0.01,24.91
24388953.0,0.26,-0.1,9.13,-0.04,0.02,-0.01,24.86
24411953.0,0.28,-0.03,9.14,-0.04,0.03,-0.01,24.95
24434953.0,0.33,-0.02,9.24,-0.05,0.02,-0.01,24.86
24457953.0,0.24,-0.12,9.16,-0.04,0.03,-0.01,24.95
24480953.0,0.24,-0.07,9.18,-0.04,0.03,-0.01,25.0
24503953.0,0.33,-0.08,9.19,-0.05,0.02,-0.01,24.81
24526953.0,0.29,-0.03,9.3,-0.04,0.03,-0.01,24.91
24549953.0,0.34,-0.15,9.24,-0.04,0.03,-0.01,24.91
24572953.0,0.26,-0.1,9.18,-0.04,0.03,-0.01,24.86
24595953.0,0.29,-0.11,9.14,-0.04,0.02,-0.01,24.86
24618953.0,0.27,-0.08,9.21,-0.04,0.02,-0.01,24.77
24641953.0,0.3,-0.07,9.23,-0.04,0.03,-0.01,24.86
24664953.0,0.36,-0.13,9.18,-0.04,0.03,-0.01,24.86
24687953.0,0.31,-0.09,9.18,-0.05,0.03,-0.01,24.86
24710953.0,0.29,-0.06,9.23,-0.04,0.03,-0.01,24.91
24733953.0,0.36,-0.07,9.19,-0.04,0.03,-0.01,24.91
24756953.0,0.33,-0.05,9.19,-0.04,0.03,-0.01,24.86
24779953.0,0.28,-0.11,9.27,-0.04,0.03,-0.01,24.86
24802953.0,0.35,-0.08,9.27,-0.04,0.03,-0.01,24.95
24825953.0,0.26,-0.11,9.23,-0.04,0.03,-0.01,24.86
24848953.0,0.28,-0.05,9.16,-0.04,0.02,-0.01,24.91
24871953.0,0.29,-0.07,9.19,-0.04,0.03,-0.01,24.91
24894953.0,0.35,-0.1,9.18,-0.04,0.03,-0.01,24.91
24917953.0,0.33,-0.04,9.25,-0.04,0.03,-0.01,24.91
24940953.0,0.32,-0.09,9.12,-0.04,0.03,-0.01,24.91
24963953.0,0.35,-0.07,9.21,-0.05,0.03,-0.01,24.86
24986953.0,0.31,-0.09,9.15,-0.04,0.03,-0.01,24.95
25009953.0,0.35,-0.08,9.19,-0.04,0.03,-0.01,24.86
25032953.0,0.27,-0.08,9.11,-0.04,0.03,-0.01,24.86
25055953.0,0.31,-0.03,9.2,-0.04,0.02,-0.01,24.91
25078953.0,0.32,-0.07,9.24,-0.04,0.03,-0.01,24.81
25101953.0,0.31,-0.07,9.24,-0.04,0.02,-0.01,24.91
25124953.0,0.28,-0.09,9.14,-0.04,0.02,-0.01,24.91
25147953.0,0.32,-0.06,9.31,-0.04,0.03,-0.01,24.95
25170953.0,0.28,-0.03,9.18,-0.04,0.03,-0.01,24.77
25193953.0,0.34,-0.04,9.21,-0.04,0.03,-0.01,24.95
25216953.0,0.34,-0.02,9.17,-0.04,0.03,-0.01,24.86
25239953.0,0.31,-0.13,9.26,-0.04,0.03,-0.01,24.81
25262953.0,0.36,-0.12,9.22,-0.04,0.02,-0.01,24.91
25285953.0,0.3,-0.02,9.12,-0.04,0.03,-0.01,24.91
25308953.0,0.26,-0.05,9.25,-0.04,0.03,-0.01,24.81
25331953.0,0.29,-0.05,9.17,-0.04,0.03,-0.01,24.77
25354953.0,0.32,-0.14,9.21,-0.04,0.03,-0.01,24.86
25377953.0,0.29,-0.09,9.18,-0.04,0.03,-0.01,24.86
25400953.0,0.26,-0.1,9.17,-0.04,0.02,-0.01,24.86
25423953.0,0.33,-0.07,9.21,-0.05,0.03,-0.01,24.77
25446953.0,0.29,-0.05,9.24,-0.04,0.02,-0.01,24.86
25469953.0,0.32,-0.09,9.15,-0.04,0.02,-0.01,24.91
25492953.0,0.33,-0.12,9.2,-0.04,0.03,-0.01,24.81
25515953.0,0.3,-0.11,9.25,-0.04,0.03,-0.01,24.77
25538953.0,0.28,-0.08,9.16,-0.04,0.02,-0.01,24.86
25561953.0,0.31,-0.11,9.17,-0.05,0.02,-0.01,24.95
25584953.0,0.31,-0.03,9.21,-0.04,0.03,-0.01,24.86
25607953.0,0.33,-0.06,9.24,-0.04,0.02,-0.01,24.95
25630953.0,0.33,-0.09,9.17,-0.04,0.02,-0.01,24.91
25653953.0,0.32,-0.08,9.1,-0.04,0.03,-0.01,24.81
25676953.0,0.3,-0.07,9.22,-0.04,0.03,-0.01,24.81
25699953.0,0.38,-0.09,9.17,-0.04,0.03,-0.01,24.91
25722953.0,0.29,-0.07,9.29,-0.04,0.03,-0.01,24.86
25745953.0,0.35,-0.13,9.13,-0.04,0.03,-0.01,24.86
25768953.0,0.3,-0.05,9.19,-0.04,0.03,-0.01,24.86
25791953.0,0.39,-0.12,9.18,-0.05,0.03,-0.01,24.95
25814953.0,0.32,-0.07,9.22,-0.04,0.03,-0.01,24.91
25837953.0,0.34,-0.04,9.12,-0.04,0.03,-0.01,24.91
25860953.0,0.34,-0.03,9.17,-0.04,0.03,-0.01,24.91
25883953.0,0.29,-0.11,9.29,-0.04,0.03,-0.01,24.91
25906953.0,0.25,-0.04,9.24,-0.04,0.02,-0.01,24.95
25929953.0,0.3,-0.08,9.18,-0.04,0.03,-0.01,24.86
25952953.0,0.34,-0.06,9.14,-0.04,0.02,-0.01,24.86
25975953.0,0.29,-0.11,9.23,-0.04,0.03,-0.01,24.86
25998953.0,0.32,-0.13,9.18,-0.04,0.03,-0.01,24.91
26021953.0,0.33,-0.07,9.23,-0.04,0.03,-0.01,24.91
26044953.0,0.32,-0.07,9.11,-0.04,0.03,-0.01,24.81
26067953.0,0.34,-0.11,9.25,-0.04,0.03,-0.01,24.91
26090953.0,0.29,-0.08,9.15,-0.04,0.02,-0.01,24.86
26113953.0,0.34,-0.05,9.23,-0.04,0.03,-0.01,24.86
26136953.0,0.25,-0.06,9.19,-0.04,0.02,-0.01,24.95
26159953.0,0.27,-0.07,9.26,-0.04,0.02,-0.01,24.95
26182953.0,0.34,-0.09,9.18,-0.04,0.03,-0.01,24.86
26205953.0,0.3,-0.06,9.22,-0.05,0.02,-0.01,24.86
26228953.0,0.3,-0.05,9.16,-0.05,0.03,-0.01,24.91
26251953.0,0.32,-0.15,9.16,-0.04,0.03,-0.01,24.81
26274953.0,0.31,-0.02,9.17,-0.04,0.02,-0.01,24.86
26297953.0,0.25,-0.05,9.14,-0.05,0.03,-0.01,24.86
26320953.0,0.28,-0.1,9.19,-0.04,0.03,-0.01,24.86
26343953.0,0.27,-0.1,9.16,-0.04,0.02,-0.01,24.95
26366953.0,0.26,-0.09,9.18,-0.04,0.03,-0.01,24.86
26389953.0,0.31,-0.09,9.16,-0.05,0.02,-0.01,24.91
26412953.0,0.31,-0.05,9.17,-0.04,0.02,-0.01,24.91
26435953.0,0.31,-0.04,9.19,-0.04,0.03,-0.01,24.91
26458953.0,0.29,0.0,9.19,-0.04,0.02,-0.01,24.91
26481953.0,0.34,-0.06,9.16,-0.04,0.02,-0.01,24.95
26504953.0,0.35,-0.05,9.13,-0.04,0.02,-0.01,24.86
26527953.0,0.24,-0.08,9.28,-0.04,0.03,-0.01,24.95
26550953.0,0.32,-0.07,9.21,-0.04,0.03,-0.01,24.95
26573953.0,0.32,-0.06,9.25,-0.04,0.02,-0.01,24.81
26596953.0,0.28,-0.06,9.21,-0.04,0.03,-0.01,24.91
26619953.0,0.28,-0.08,9.23,-0.04,0.02,-0.01,24.91
26642953.0,0.28,-0.07,9.22,-0.04,0.03,-0.01,24.81
26665953.0,0.31,-0.11,9.16,-0.04,0.02,-0.01,24.95
26688953.0,0.31,-0.07,9.15,-0.04,0.03,-0.01,24.86
26711953.0,0.35,-0.03,9.29,-0.04,0.03,-0.01,24.86
26734953.0,0.3,-0.14,9.22,-0.04,0.02,-0.01,24.95
26757953.0,0.28,-0.07,9.26,-0.04,0.02,-0.01,24.91
26780953.0,0.33,-0.11,9.22,-0.04,0.02,-0.01,24.91
26803953.0,0.3,-0.08,9.29,-0.04,0.02,-0.01,25.0
26826953.0,0.33,-0.08,9.18,-0.04,0.03,-0.01,24.81
26849953.0,0.36,-0.1,9.22,-0.04,0.03,-0.01,24.95
26872953.0,0.31,-0.06,9.21,-0.04,0.03,-0.01,24.95
26895953.0,0.29,-0.06,9.14,-0.04,0.03,-0.01,24.95
26918953.0,0.32,-0.07,9.16,-0.04,0.03,-0.01,24.95
26941953.0,0.31,-0.07,9.22,-0.04,0.03,-0.01,24.86
26964953.0,0.35,-0.05,9.17,-0.04,0.02,-0.01,24.86
26987953.0,0.34,-0.01,9.24,-0.04,0.03,-0.01,24.91
27010953.0,0.32,-0.09,9.25,-0.04,0.02,-0.01,24.91
27033953.0,0.26,-0.1,9.18,-0.04,0.02,-0.01,24.91
27056953.0,0.32,-0.06,9.19,-0.04,0.03,-0.01,24.86
27079953.0,0.25,-0.11,9.21,-0.04,0.03,-0.01,24.86
27102953.0,0.32,-0.01,9.23,-0.04,0.03,-0.01,24.95
27125953.0,0.31,-0.16,9.24,-0.04,0.03,-0.01,24.95
27148953.0,0.32,-0.05,9.24,-0.04,0.03,-0.01,24.91
27171953.0,0.28,-0.11,9.2,-0.05,0.03,-0.01,24.91
27194953.0,0.32,-0.07,9.18,-0.04,0.03,-0.01,24.91
27217953.0,0.33,-0.12,9.17,-0.05,0.02,-0.01,24.81
27240953.0,0.34,-0.09,9.14,-0.04,0.03,-0.01,24.86
27263953.0,0.32,-0.07,9.22,-0.04,0.03,-0.01,24.86
27286953.0,0.28,-0.1,9.28,-0.04,0.02,-0.01,24.86
27309953.0,0.35,-0.15,9.21,-0.04,0.02,-0.01,24.86
27332953.0,0.35,-0.1,9.32,-0.04,0.02,-0.01,24.91
27355953.0,0.34,-0.1,9.21,-0.04,0.02,-0.01,24.81
27378953.0,0.3,-0.06,9.33,-0.04,0.02,-0.01,24.91
27401953.0,0.29,-0.1,9.17,-0.04,0.02,-0.01,24.81
27424953.0,0.28,-0.11,9.3,-0.04,0.02,-0.01,24.86
27447953.0,0.3,-0.14,9.08,-0.04,0.02,-0.01,24.86
27470953.0,0.32,-0.05,9.21,-0.04,0.03,-0.01,24.86
27493953.0,0.3,-0.14,9.09,-0.04,0.03,-0.01,24.95
27516953.0,0.34,-0.04,9.19,-0.04,0.02,-0.01,24.91
27539953.0,0.34,-0.09,9.15,-0.04,0.03,-0.01,24.91
27562953.0,0.29,-0.09,9.31,-0.05,0.03,-0.01,24.91
27585953.0,0.31,-0.09,9.23,-0.04,0.02,-0.01,24.91
27608953.0,0.27,-0.07,9.29,-0.05,0.03,-0.01,24.86
27631953.0,0.24,-0.12,9.24,-0.04,0.02,-0.01,24.86
27654953.0,0.27,-0.08,9.18,-0.04,0.02,-0.01,24.86
27677953.0,0.29,-0.06,9.22,-0.04,0.03,-0.01,24.86
27700953.0,0.32,-0.06,9.22,-0.04,0.02,-0.01,24.95
27723953.0,0.29,-0.07,9.17,-0.05,0.03,-0.01,24.95
27746953.0,0.4,-0.04,9.11,-0.05,0.03,-0.01,24.91
27769953.0,0.34,-0.07,9.25,-0.04,0.03,-0.01,24.91
27792953.0,0.29,-0.13,9.2,-0.04,0.03,-0.01,24.91
27815953.0,0.29,-0.09,9.29,-0.04,0.03,-0.01,24.77
27838953.0,0.29,-0.08,9.22,-0.04,0.02,-0.01,24.86
27861953.0,0.28,-0.09,9.23,-0.04,0.03,-0.01,24.86
27884953.0,0.29,-0.05,9.21,-0.04,0.02,-0.01,24.86
27907953.0,0.35,-0.08,9.18,-0.04,0.03,-0.01,24.91
27930953.0,0.32,-0.03,9.21,-0.05,0.03,-0.01,24.91
27953953.0,0.28,-0.06,9.22,-0.04,0.02,-0.01,24.91
27976953.0,0.32,-0.06,9.15,-0.04,0.03,-0.01,24.91
27999953.0,0.35,-0.06,9.25,-0.04,0.02,-0.01,24.86
28022953.0,0.33,-0.08,9.22,-0.04,0.03,-0.01,24.95
28045953.0,0.25,-0.03,9.21,-0.04,0.03,-0.01,24.95
28068953.0,0.3,-0.06,9.09,-0.04,0.02,-0.01,24.86
28091953.0,0.28,-0.13,9.23,-0.04,0.03,-0.01,24.91
28114953.0,0.25,-0.06,9.26,-0.04,0.03,-0.01,24.91
28137953.0,0.33,-0.11,9.19,-0.04,0.02,-0.01,25.0
28160953.0,0.28,-0.05,9.22,-0.04,0.03,-0.01,24.91
28183953.0,0.26,-0.07,9.15,-0.04,0.02,-0.01,24.86
28206953.0,0.36,-0.09,9.26,-0.04,0.02,-0.01,24.95
28229953.0,0.28,-0.11,9.25,-0.05,0.03,-0.01,24.86
28252953.0,0.32,-0.13,9.17,-0.04,0.02,-0.01,24.86
28275953.0,0.32,-0.05,9.18,-0.04,0.03,-0.01,24.91
28298953.0,0.21,-0.06,9.26,-0.04,0.02,-0.01,24.81
28321953.0,0.3,-0.1,9.17,-0.04,0.02,-0.01,24.81
28344953.0,0.29,-0.01,9.22,-0.04,0.03,-0.01,24.91
28367953.0,0.3,-0.13,9.2,-0.04,0.03,-0.01,24.91
28390953.0,0.32,-0.11,9.23,-0.04,0.03,-0.01,24.86
28413953.0,0.31,-0.07,9.14,-0.04,0.02,-0.01,24.86
28436953.0,0.31,-0.06,9.18,-0.04,0.03,-0.01,24.86
28459953.0,0.3,-0.01,9.26,-0.04,0.03,-0.01,24.86
28482953.0,0.24,-0.08,9.24,-0.04,0.02,-0.01,24.86
28505953.0,0.27,-0.03,9.17,-0.04,0.02,-0.01,24.81
28528953.0,0.32,-0.08,9.27,-0.04,0.03,-0.01,24.91
28551953.0,0.34,-0.08,9.26,-0.05,0.03,-0.01,24.81
28574953.0,0.3,-0.02,9.14,-0.04,0.03,-0.01,24.95
28597953.0,0.28,-0.1,9.26,-0.04,0.03,-0.01,24.86
28620953.0,0.3,-0.08,9.22,-0.05,0.02,-0.01,24.86
28643953.0,0.37,-0.1,9.17,-0.04,0.03,-0.01,24.86
28666953.0,0.36,-0.02,9.26,-0.04,0.02,-0.01,24.91
28689953.0,0.28,-0.04,9.23,-0.04,0.03,-0.01,24.91
28712953.0,0.32,-0.05,9.18,-0.04,0.02,-0.01,25.0
28735953.0,0.31,-0.07,9.16,-0.04,0.02,-0.01,24.91
28758953.0,0.32,-0.14,9.14,-0.04,0.03,-0.01,24.86
28781953.0,0.37,-0.11,9.21,-0.04,0.02,-0.01,24.95
28804953.0,0.29,-0.05,9.2,-0.05,0.02,-0.01,24.86
28827953.0,0.31,-0.1,9.22,-0.04,0.03,-0.01,24.95
28850953.0,0.3,-0.06,9.23,-0.04,0.03,-0.01,24.91
28873953.0,0.25,-0.08,9.22,-0.04,0.03,-0.01,24.91
28896953.0,0.32,-0.13,9.19,-0.04,0.02,-0.01,24.81
28919953.0,0.3,-0.05,9.22,-0.04,0.03,-0.01,24.91
28942953.0,0.26,-0.07,9.33,-0.04,0.02,-0.01,24.86
28965953.0,0.33,-0.04,9.2,-0.04,0.02,-0.01,24.95
28988953.0,0.3,-0.13,9.21,-0.04,0.03,-0.01,24.86
29011953.0,0.32,-0.04,9.2,-0.04,0.02,-0.01,24.86
29034953.0,0.27,-0.11,9.25,-0.04,0.03,-0.01,24.91
29057953.0,0.36,-0.08,9.22,-0.04,0.02,-0.01,24.91
29080953.0,0.37,-0.09,9.27,-0.04,0.02,-0.01,24.81
29103953.0,0.25,-0.07,9.22,-0.04,0.03,-0.01,24.91
29126953.0,0.27,-0.11,9.16,-0.04,0.03,-0.01,24.91
29149953.0,0.25,-0.07,9.23,-0.04,0.03,-0.01,24.95
29172953.0,0.34,-0.06,9.26,-0.04,0.03,-0.01,24.86
29195953.0,0.35,-0.01,9.12,-0.04,0.02,-0.01,24.95
29218953.0,0.37,-0.05,9.2,-0.04,0.02,-0.01,24.86
29241953.0,0.31,-0.06,9.23,-0.04,0.03,-0.01,24.86
29264953.0,0.26,-0.09,9.17,-0.04,0.03,-0.01,25.0
29287953.0,0.29,-0.09,9.18,-0.04,0.03,-0.01,24.91
29310953.0,0.28,-0.01,9.19,-0.04,0.03,-0.01,24.91
29333953.0,0.2,-0.06,9.23,-0.04,0.02,-0.01,24.86
29356953.0,0.26,-0.05,9.16,-0.04,0.02,-0.01,24.95
29379953.0,0.32,-0.1,9.12,-0.04,0.03,-0.01,24.86
29402953.0,0.31,-0.1,9.06,-0.04,0.02,-0.01,24.86
29425953.0,0.32,-0.1,9.22,-0.04,0.03,-0.01,24.91
29448953.0,0.3,-0.06,9.18,-0.05,0.03,-0.01,24.91
29471953.0,0.23,-0.08,9.18,-0.04,0.02,-0.01,24.81
29494953.0,0.3,-0.07,9.16,-0.04,0.03,-0.01,24.91
29517953.0,0.32,-0.08,9.21,-0.05,0.03,-0.01,24.86
29540953.0,0.38,-0.08,9.18,-0.04,0.03,-0.01,24.77
29563953.0,0.29,-0.11,9.25,-0.05,0.03,-0.01,24.86
29586953.0,0.28,-0.0,9.19,-0.04,0.03,-0.01,24.86
29609953.0,0.33,-0.01,9.22,-0.05,0.03,-0.01,24.91
29632953.0,0.33,-0.13,9.19,-0.04,0.03,-0.01,24.91
29655953.0,0.38,-0.1,9.25,-0.04,0.03,-0.01,24.91
29678953.0,0.27,-0.07,9.16,-0.04,0.03,-0.01,24.81
29701953.0,0.3,-0.04,9.16,-0.04,0.03,-0.01,24.77
29724953.0,0.28,-0.09,9.13,-0.04,0.02,-0.01,24.86
29747953.0,0.36,-0.08,9.23,-0.04,0.03,-0.01,24.86
29770953.0,0.36,-0.04,9.23,-0.04,0.03,-0.01,24.86
29793953.0,0.32,-0.09,9.2,-0.04,0.03,-0.01,24.86
29816953.0,0.31,-0.1,9.13,-0.04,0.02,-0.01,24.91
29839953.0,0.31,-0.09,9.25,-0.04,0.02,-0.01,25.0
29862953.0,0.3,-0.09,9.15,-0.04,0.02,-0.01,24.81
29885953.0,0.28,-0.06,9.25,-0.05,0.03,-0.01,24.81
29908953.0,0.22,-0.1,9.18,-0.04,0.02,-0.01,24.86
29931953.0,0.34,-0.1,9.21,-0.04,0.02,-0.01,24.95
29954953.0,0.31,-0.06,9.18,-0.04,0.02,-0.01,24.77
29977953.0,0.29,-0.1,9.21,-0.04,0.03,-0.01,24.86
30000953.0,0.31,-0.1,9.26,-0.05,0.02,-0.01,24.86
30023953.0,0.32,-0.13,9.18,-0.04,0.02,-0.01,24.91
30046953.0,0.31,-0.13,9.28,-0.04,0.02,-0.01,24.91
30069953.0,0.31,-0.1,9.2,-0.05,0.03,-0.01,24.91
30092953.0,0.3,-0.03,9.17,-0.04,0.03,-0.01,24.86
30115953.0,0.27,-0.01,9.22,-0.04,0.03,-0.01,24.86
30138953.0,0.27,-0.1,9.19,-0.04,0.03,-0.01,24.86
30161953.0,0.33,-0.08,9.2,-0.04,0.03,-0.01,24.86
30184953.0,0.31,-0.08,9.15,-0.05,0.03,-0.01,24.91
30207953.0,0.3,-0.05,9.23,-0.04,0.02,-0.01,24.91
30230953.0,0.3,-0.09,9.16,-0.04,0.02,-0.01,24.91
30253953.0,0.31,-0.07,9.21,-0.04,0.03,-0.01,24.81
30276953.0,0.28,-0.02,9.3,-0.04,0.02,-0.01,24.86
30299953.0,0.29,-0.05,9.28,-0.05,0.02,-0.01,24.95
30322953.0,0.26,-0.07,9.21,-0.04,0.03,-0.01,24.86
30345953.0,0.29,-0.07,9.29,-0.04,0.03,-0.01,24.77
30368953.0,0.32,-0.08,9.23,-0.04,0.03,-0.01,24.91
30391953.0,0.34,-0.09,9.17,-0.04,0.02,-0.01,24.91
30414953.0,0.3,-0.09,9.2,-0.04,0.03,-0.01,24.91
30437953.0,0.38,0.0,9.21,-0.04,0.02,-0.01,24.81
30460953.0,0.31,-0.06,9.17,-0.04,0.03,-0.01,24.81
30483953.0,0.29,-0.05,9.26,-0.04,0.02,-0.01,24.86
30506953.0,0.27,-0.1,9.18,-0.05,0.02,-0.01,24.86
30529953.0,0.28,-0.1,9.2,-0.04,0.02,-0.01,24.86
30552953.0,0.32,-0.08,9.12,-0.04,0.03,-0.01,24.95
30575953.0,0.35,-0.1,9.3,-0.04,0.02,-0.01,24.91
30598953.0,0.28,-0.07,9.13,-0.05,0.02,-0.01,24.91
30621953.0,0.3,-0.11,9.26,-0.04,0.02,-0.01,24.91
30644953.0,0.29,-0.1,9.24,-0.04,0.02,-0.01,24.91
30667953.0,0.34,-0.1,9.25,-0.04,0.03,-0.01,24.95
30690953.0,0.34,-0.11,9.29,-0.04,0.03,-0.01,24.86
30713953.0,0.34,-0.07,9.33,-0.04,0.03,-0.01,24.86
30736953.0,0.34,-0.07,9.25,-0.04,0.03,-0.01,24.86
30759953.0,0.29,-0.04,9.19,-0.04,0.02,-0.01,24.86
30782953.0,0.31,-0.07,9.17,-0.04,0.03,-0.01,24.86
30805953.0,0.31,-0.08,9.22,-0.04,0.03,-0.01,25.0
30828953.0,0.32,-0.07,9.11,-0.04,0.03,-0.01,25.0
30851953.0,0.28,-0.09,9.14,-0.04,0.03,-0.01,24.86
30874953.0,0.29,-0.09,9.22,-0.04,0.03,-0.01,24.95
30897953.0,0.34,-0.1,9.21,-0.04,0.03,-0.01,24.86
30920953.0,0.25,-0.08,9.26,-0.04,0.03,-0.01,24.95
30943953.0,0.31,-0.04,9.22,-0.04,0.03,-0.01,24.91
30966953.0,0.3,-0.12,9.22,-0.04,0.02,-0.01,24.91
30989953.0,0.28,-0.07,9.21,-0.04,0.03,-0.01,24.91
31012953.0,0.33,-0.12,9.17,-0.04,0.03,-0.01,24.91
31035953.0,0.35,-0.03,9.2,-0.04,0.03,-0.01,24.86
31058953.0,0.35,-0.11,9.17,-0.04,0.03,-0.01,24.86
31081953.0,0.38,-0.09,9.23,-0.04,0.03,-0.01,24.86
31104953.0,0.32,-0.09,9.17,-0.04,0.03,-0.01,24.86
31127953.0,0.3,-0.11,9.23,-0.04,0.03,-0.01,24.86
31150953.0,0.26,-0.08,9.18,-0.04,0.03,-0.01,24.72
31173953.0,0.33,-0.09,9.2,-0.04,0.02,-0.01,24.91
31196953.0,0.34,-0.08,9.17,-0.04,0.03,-0.01,24.91
31219953.0,0.34,-0.1,9.28,-0.04,0.03,-0.01,24.91
31242953.0,0.33,-0.12,9.15,-0.05,0.03,-0.01,24.95
31265953.0,0.36,-0.05,9.23,-0.04,0.02,-0.01,24.95
31288953.0,0.28,-0.08,9.2,-0.04,0.03,-0.01,24.86
31311953.0,0.27,-0.11,9.28,-0.04,0.02,-0.01,24.86
31334953.0,0.27,-0.11,9.22,-0.04,0.02,-0.01,24.91
31357953.0,0.36,-0.08,9.29,-0.04,0.02,-0.01,24.91
31380953.0,0.26,-0.07,9.21,-0.04,0.02,-0.01,24.91
31403953.0,0.3,-0.1,9.14,-0.04,0.03,-0.01,24.91
31426953.0,0.38,-0.04,9.15,-0.04,0.02,-0.01,24.86
31449953.0,0.29,-0.06,9.25,-0.04,0.03,-0.01,24.86
31472953.0,0.31,-0.06,9.17,-0.04,0.02,-0.01,24.86
31495953.0,0.28,-0.1,9.14,-0.04,0.02,-0.01,24.95
31518953.0,0.29,-0.09,9.2,-0.04,0.02,-0.01,24.95
31541953.0,0.32,-0.14,9.19,-0.04,0.02,-0.01,24.95
31564953.0,0.3,-0.12,9.21,-0.04,0.03,-0.01,24.91
31587953.0,0.27,-0.11,9.27,-0.04,0.02,-0.01,24.91
31610953.0,0.24,-0.13,9.18,-0.04,0.03,-0.01,24.95
31633953.0,0.28,-0.06,9.17,-0.04,0.03,-0.01,24.86
31656953.0,0.34,-0.09,9.19,-0.04,0.02,-0.01,24.95
31679953.0,0.31,-0.03,9.12,-0.04,0.02,-0.01,24.95
31702953.0,0.33,-0.05,9.17,-0.04,0.03,-0.01,24.91
31725953.0,0.34,-0.07,9.16,-0.04,0.03,-0.01,24.81
31748953.0,0.28,-0.04,9.24,-0.04,0.03,-0.01,24.91
31771953.0,0.28,-0.06,9.22,-0.04,0.03,-0.01,24.91
31794953.0,0.35,-0.07,9.24,-0.04,0.02,-0.01,24.91
31817953.0,0.36,-0.03,9.24,-0.04,0.03,-0.01,24.86
31840953.0,0.29,-0.05,9.19,-0.04,0.03,-0.01,24.86
31863953.0,0.31,-0.06,9.16,-0.05,0.03,-0.01,24.86
31886953.0,0.39,-0.08,9.3,-0.04,0.02,-0.01,24.95
31909953.0,0.29,-0.1,9.15,-0.04,0.03,-0.01,24.91
31932953.0,0.33,-0.05,9.18,-0.04,0.03,-0.01,24.91
31955953.0,0.27,-0.08,9.22,-0.04,0.02,-0.01,24.81
31978953.0,0.29,-0.06,9.23,-0.04,0.02,-0.01,24.91
32001953.0,0.31,-0.08,9.22,-0.04,0.02,-0.01,25.05
32024953.0,0.34,-0.08,9.21,-0.04,0.02,-0.01,24.86
32047953.0,0.31,-0.05,9.24,-0.05,0.03,-0.01,24.95
32070953.0,0.35,-0.11,9.11,-0.04,0.03,-0.01,24.95
32093953.0,0.29,-0.09,9.22,-0.04,0.02,-0.01,24.91
32116953.0,0.3,-0.07,9.31,-0.04,0.02,-0.01,24.81
32139953.0,0.31,-0.11,9.11,-0.04,0.03,-0.01,24.91
32162953.0,0.31,-0.06,9.28,-0.04,0.03,-0.01,24.91
32185953.0,0.28,-0.13,9.17,-0.04,0.03,-0.01,24.86
32208953.0,0.31,-0.15,9.25,-0.04,0.02,-0.01,24.95
32231953.0,0.3,-0.05,9.2,-0.04,0.03,-0.01,24.86
32254953.0,0.27,-0.1,9.25,-0.05,0.02,-0.01,24.86
32277953.0,0.35,-0.09,9.18,-0.04,0.03,-0.01,24.86
32300953.0,0.35,-0.06,9.25,-0.04,0.02,-0.01,24.86
32323953.0,0.33,-0.09,9.18,-0.04,0.03,-0.01,24.91
32346953.0,0.29,-0.11,9.08,-0.04,0.03,-0.01,24.91
32369953.0,0.29,-0.15,9.22,-0.04,0.02,-0.01,24.86
32392953.0,0.31,-0.13,9.22,-0.04,0.03,-0.01,24.86
32415953.0,0.33,-0.05,9.23,-0.04,0.02,-0.01,24.86
32438953.0,0.27,-0.02,9.3,-0.04,0.03,-0.01,24.95
32461953.0,0.25,-0.06,9.25,-0.04,0.03,-0.01,24.91
32484953.0,0.31,-0.08,9.3,-0.04,0.02,-0.01,24.91
32507953.0,0.27,-0.09,9.26,-0.04,0.02,-0.01,24.91
32530953.0,0.37,-0.03,9.15,-0.04,0.03,-0.01,24.81
32553953.0,0.32,-0.12,9.14,-0.04,0.02,-0.01,24.91
32576953.0,0.27,-0.08,9.2,-0.04,0.02,-0.01,24.86
32599953.0,0.3,-0.06,9.17,-0.04,0.03,-0.01,24.95
32622953.0,0.32,-0.07,9.18,-0.04,0.03,-0.01,24.95
32645953.0,0.35,-0.1,9.23,-0.04,0.03,-0.01,24.86
32668953.0,0.38,-0.09,9.23,-0.04,0.02,-0.01,24.91
32691953.0,0.27,-0.11,9.17,-0.04,0.03,-0.01,24.91
32714953.0,0.26,-0.13,9.21,-0.04,0.03,-0.01,24.91
32737953.0,0.24,-0.08,9.18,-0.04,0.02,-0.01,24.91
32760953.0,0.28,-0.1,9.15,-0.04,0.02,-0.01,24.95
32783953.0,0.38,-0.11,9.23,-0.04,0.02,-0.01,24.86
32806953.0,0.33,-0.06,9.2,-0.04,0.03,-0.01,24.86
32829953.0,0.28,-0.05,9.21,-0.04,0.03,-0.01,24.86
32852953.0,0.34,-0.05,9.14,-0.04,0.02,-0.01,24.91
32875953.0,0.32,-0.1,9.17,-0.04,0.02,-0.01,24.81
32898953.0,0.26,-0.08,9.15,-0.04,0.02,-0.01,24.91
32921953.0,0.3,-0.08,9.26,-0.04,0.03,-0.01,24.91
32944953.0,0.26,-0.06,9.28,-0.04,0.03,-0.01,24.86
32967953.0,0.3,-0.06,9.23,-0.04,0.03,-0.01,24.86
32990953.0,0.26,-0.09,9.28,-0.04,0.03,-0.01,24.95
33013953.0,0.34,-0.03,9.25,-0.04,0.02,-0.01,24.86
33036953.0,0.32,-0.1,9.2,-0.04,0.02,-0.01,24.86
33059953.0,0.34,-0.08,9.18,-0.04,0.03,-0.01,24.86
33082953.0,0.31,-0.11,9.19,-0.04,0.03,-0.01,24.72
33105953.0,0.36,-0.05,9.24,-0.04,0.03,-0.01,24.91
33128953.0,0.28,-0.08,9.28,-0.04,0.03,-0.01,24.95
33151953.0,0.34,-0.07,9.21,-0.04,0.03,-0.01,24.86
33174953.0,0.34,-0.07,9.2,-0.04,0.03,-0.01,24.95
33197953.0,0.3,-0.04,9.2,-0.04,0.03,-0.01,24.86
33220953.0,0.3,-0.04,9.15,-0.05,0.02,-0.01,24.95
33243953.0,0.35,-0.06,9.18,-0.04,0.03,-0.01,24.91
33266953.0,0.33,-0.1,9.14,-0.04,0.03,-0.01,24.91
33289953.0,0.3,-0.06,9.24,-0.04,0.03,-0.01,24.91
33312953.0,0.32,-0.05,9.21,-0.04,0.02,-0.01,24.91
33335953.0,0.27,-0.06,9.17,-0.04,0.02,-0.01,24.86
33358953.0,0.32,-0.11,9.18,-0.04,0.03,-0.01,24.95
33381953.0,0.3,-0.08,9.29,-0.04,0.02,-0.01,24.95
33404953.0,0.3,-0.11,9.28,-0.04,0.03,-0.01,24.86
33427953.0,0.3,-0.06,9.16,-0.04,0.03,-0.01,24.91
33450953.0,0.28,-0.05,9.25,-0.04,0.03,-0.01,24.91
33473953.0,0.27,-0.09,9.28,-0.04,0.03,-0.01,25.0
33496953.0,0.33,-0.12,9.26,-0.04,0.02,-0.01,24.91
33519953.0,0.34,-0.1,9.13,-0.04,0.02,-0.01,24.95
33542953.0,0.31,-0.07,9.25,-0.04,0.03,-0.01,24.86
33565953.0,0.33,-0.08,9.29,-0.04,0.02,-0.01,24.95
33588953.0,0.25,-0.09,9.25,-0.04,0.02,-0.01,24.86
33611953.0,0.34,-0.12,9.22,-0.05,0.03,-0.01,24.91
33634953.0,0.29,-0.11,9.22,-0.04,0.03,-0.01,24.91
33657953.0,0.29,-0.07,9.17,-0.04,0.03,-0.01,24.91
33680953.0,0.3,-0.05,9.17,-0.04,0.03,-0.01,24.81
33703953.0,0.31,-0.06,9.26,-0.04,0.03,-0.01,24.95
33726953.0,0.32,-0.01,9.16,-0.04,0.03,-0.01,24.86
33749953.0,0.32,-0.03,9.17,-0.04,0.03,-0.01,24.95
33772953.0,0.34,-0.19,9.17,-0.05,0.02,-0.01,24.95
33795953.0,0.32,-0.03,9.22,-0.04,0.03,-0.01,24.86
33818953.0,0.31,-0.04,9.21,-0.04,0.03,-0.01,24.86
33841953.0,0.4,-0.11,9.27,-0.05,0.02,-0.01,24.81
33864953.0,0.29,-0.07,9.19,-0.04,0.03,-0.01,24.81
33887953.0,0.33,-0.06,9.27,-0.04,0.03,-0.01,24.91
33910953.0,0.28,-0.1,9.23,-0.04,0.02,-0.01,24.95
33933953.0,0.32,-0.09,9.21,-0.04,0.03,-0.01,24.86
33956953.0,0.25,-0.07,9.19,-0.04,0.03,-0.01,24.86
33979953.0,0.28,-0.02,9.26,-0.04,0.03,-0.01,24.86
34002953.0,0.28,-0.05,9.16,-0.04,0.02,-0.01,24.91
34025953.0,0.25,0.0,9.21,-0.04,0.02,-0.01,24.81
34048953.0,0.29,-0.12,9.21,-0.04,0.03,-0.01,24.91
34071953.0,0.33,-0.06,9.25,-0.04,0.02,-0.01,24.91
34094953.0,0.34,-0.08,9.2,-0.04,0.03,-0.01,24.86
34117953.0,0.29,-0.06,9.18,-0.04,0.03,-0.01,24.86
34140953.0,0.32,-0.1,9.17,-0.04,0.03,-0.01,24.86
34163953.0,0.31,-0.04,9.24,-0.04,0.03,-0.01,24.86
34186953.0,0.23,-0.16,9.17,-0.04,0.03,-0.01,24.91
34209953.0,0.32,-0.03,9.26,-0.04,0.03,-0.01,24.91
34232953.0,0.35,-0.14,9.21,-0.04,0.02,-0.01,25.0
34255953.0,0.37,-0.08,9.34,-0.05,0.03,-0.01,24.81
34278953.0,0.27,-0.13,9.18,-0.04,0.02,-0.01,24.95
34301953.0,0.29,-0.08,9.25,-0.04,0.02,-0.01,24.95
34324953.0,0.31,-0.06,9.18,-0.04,0.02,-0.01,24.86
34347953.0,0.34,-0.04,9.21,-0.04,0.03,-0.01,24.95
34370953.0,0.33,-0.07,9.11,-0.04,0.03,-0.01,24.81
34393953.0,0.32,-0.05,9.22,-0.04,0.02,-0.01,24.91
34416953.0,0.29,-0.11,9.16,-0.04,0.03,-0.01,24.91
34439953.0,0.34,-0.03,9.18,-0.04,0.03,-0.01,24.91
34462953.0,0.29,-0.06,9.2,-0.04,0.03,-0.01,24.95
34485953.0,0.34,-0.09,9.19,-0.04,0.03,-0.01,24.86
34508953.0,0.36,-0.07,9.19,-0.04,0.03,-0.01,24.86
34531953.0,0.3,-0.04,9.2,-0.04,0.03,-0.01,24.95
34554953.0,0.32,-0.06,9.24,-0.04,0.03,-0.01,24.86
34577953.0,0.33,-0.05,9.2,-0.04,0.03,-0.01,24.95
34600953.0,0.28,-0.14,9.14,-0.04,0.02,-0.01,24.91
34623953.0,0.32,-0.11,9.2,-0.04,0.03,-0.01,24.91
34646953.0,0.31,-0.07,9.23,-0.04,0.02,-0.01,24.91
34669953.0,0.32,-0.11,9.16,-0.05,0.03,-0.01,24.95
34692953.0,0.31,-0.12,9.25,-0.04,0.03,-0.01,24.86
34715953.0,0.31,-0.09,9.22,-0.04,0.02,-0.01,24.86
34738953.0,0.35,-0.04,9.22,-0.04,0.03,-0.01,24.86
34761953.0,0.33,-0.1,9.22,-0.04,0.03,-0.01,24.91
34784953.0,0.31,-0.08,9.18,-0.05,0.02,-0.01,25.0
34807953.0,0.32,-0.02,9.28,-0.04,0.02,-0.01,24.81
34830953.0,0.32,-0.05,9.17,-0.04,0.02,-0.01,24.91
34853953.0,0.3,-0.04,9.21,-0.04,0.03,-0.01,24.95
34876953.0,0.32,-0.06,9.23,-0.04,0.03,-0.01,24.95
34899953.0,0.34,-0.08,9.18,-0.04,0.03,-0.01,24.95
34922953.0,0.33,-0.07,9.19,-0.05,0.03,-0.01,24.95
34945953.0,0.37,-0.04,9.2,-0.04,0.02,-0.01,24.81
34968953.0,0.24,-0.09,9.23,-0.05,0.03,-0.01,24.91
34991953.0,0.25,-0.11,9.28,-0.04,0.02,-0.01,24.81
35014953.0,0.34,-0.09,9.23,-0.04,0.02,-0.01,24.91
35037953.0,0.26,-0.06,9.18,-0.04,0.03,-0.01,24.86
35060953.0,0.28,-0.05,9.26,-0.04,0.03,-0.01,24.86
35083953.0,0.28,-0.11,9.23,-0.04,0.02,-0.01,24.86
35106953.0,0.3,-0.11,9.24,-0.04,0.02,-0.01,24.86
35129953.0,0.35,-0.13,9.21,-0.04,0.03,-0.01,24.91
35152953.0,0.26,-0.11,9.2,-0.04,0.02,-0.01,24.91
35175953.0,0.31,-0.12,9.28,-0.04,0.03,-0.01,25.0
35198953.0,0.3,-0.11,9.15,-0.04,0.02,-0.01,24.91
35221953.0,0.26,-0.15,9.23,-0.04,0.02,-0.01,24.81
35244953.0,0.25,-0.13,9.22,-0.04,0.02,-0.01,24.86
35267953.0,0.33,-0.1,9.19,-0.04,0.03,-0.01,24.86
35290953.0,0.3,-0.04,9.13,-0.04,0.03,-0.01,24.95
35313953.0,0.3,-0.09,9.14,-0.04,0.03,-0.01,24.86
35336953.0,0.34,-0.05,9.16,-0.05,0.03,-0.01,24.86
35359953.0,0.33,-0.02,9.22,-0.04,0.03,-0.01,24.81
35382953.0,0.34,-0.05,9.18,-0.04,0.02,-0.01,24.91
35405953.0,0.25,-0.08,9.24,-0.04,0.02,-0.01,24.91
35428953.0,0.36,-0.09,9.23,-0.04,0.03,-0.01,24.86
35451953.0,0.29,-0.1,9.21,-0.04,0.03,-0.01,24.86
35474953.0,0.35,-0.05,9.14,-0.05,0.02,-0.01,24.95
35497953.0,0.3,-0.11,9.15,-0.04,0.02,-0.01,24.86
35520953.0,0.25,-0.08,9.23,-0.04,0.03,-0.01,24.91
35543953.0,0.26,-0.05,9.24,-0.05,0.03,-0.01,24.91
35566953.0,0.34,-0.08,9.23,-0.04,0.03,-0.01,24.91
35589953.0,0.28,-0.11,9.16,-0.04,0.03,-0.01,24.91
35612953.0,0.25,-0.06,9.28,-0.04,0.02,-0.01,24.95
35635953.0,0.31,-0.09,9.21,-0.04,0.03,-0.01,24.86
35658953.0,0.31,-0.05,9.13,-0.04,0.03,-0.01,24.95
35681953.0,0.32,-0.13,9.23,-0.04,0.03,-0.01,25.05
35704953.0,0.29,-0.1,9.16,-0.04,0.02,-0.01,24.91
35727953.0,0.38,-0.13,9.25,-0.04,0.02,-0.01,25.0
35750953.0,0.34,-0.12,9.22,-0.04,0.03,-0.01,24.91
35773953.0,0.29,-0.07,9.26,-0.04,0.02,-0.01,24.91
35796953.0,0.34,-0.11,9.2,-0.04,0.03,-0.01,24.95
35819953.0,0.31,-0.03,9.18,-0.04,0.03,-0.01,24.86
35842953.0,0.33,-0.12,9.25,-0.04,0.02,-0.01,24.86
35865953.0,0.39,-0.09,9.13,-0.04,0.03,-0.01,24.95
35888953.0,0.34,-0.08,9.17,-0.04,0.03,-0.01,24.86
35911953.0,0.31,-0.1,9.22,-0.04,0.03,-0.01,24.91
35934953.0,0.32,-0.11,9.19,-0.04,0.02,-0.01,24.91
35957953.0,0.3,-0.05,9.21,-0.04,0.02,-0.01,24.81
35980953.0,0.29,-0.08,9.13,-0.05,0.03,-0.01,24.91
36003953.0,0.29,-0.03,9.29,-0.04,0.03,-0.01,24.95
36026953.0,0.35,-0.1,9.16,-0.04,0.03,-0.01,24.86
36049953.0,0.32,-0.08,9.13,-0.04,0.03,-0.01,24.86
36072953.0,0.29,-0.09,9.16,-0.04,0.02,-0.01,24.95
36095953.0,0.38,-0.11,9.28,-0.04,0.03,-0.01,24.86
36118953.0,0.28,-0.09,9.13,-0.04,0.03,-0.01,24.91
36141953.0,0.29,-0.04,9.22,-0.04,0.03,-0.01,24.91
36164953.0,0.28,-0.08,9.26,-0.04,0.03,-0.01,25.0
36187953.0,0.28,-0.07,9.22,-0.04,0.02,-0.01,24.86
36210953.0,0.29,-0.02,9.22,-0.04,0.03,-0.01,24.77
36233953.0,0.28,-0.07,9.23,-0.04,0.02,-0.01,24.95
36256953.0,0.35,-0.09,9.24,-0.04,0.02,-0.01,24.86
36279953.0,0.3,-0.05,9.21,-0.04,0.02,-0.01,24.91
36302953.0,0.31,-0.11,9.23,-0.04,0.02,-0.01,24.91
36325953.0,0.31,-0.12,9.28,-0.04,0.03,-0.01,24.91
36348953.0,0.33,-0.11,9.14,-0.04,0.02,-0.01,24.91
36371953.0,0.3,-0.03,9.22,-0.04,0.03,-0.01,24.86
36394953.0,0.3,-0.11,9.22,-0.04,0.03,-0.01,24.86
36417953.0,0.34,-0.04,9.27,-0.05,0.03,-0.01,24.86
36440953.0,0.3,-0.14,9.19,-0.04,0.03,-0.01,24.95
36463953.0,0.28,-0.11,9.25,-0.04,0.03,-0.01,24.81
36486953.0,0.34,-0.07,9.24,-0.04,0.02,-0.01,24.91
36509953.0,0.31,-0.06,9.3,-0.04,0.03,-0.01,24.91
36532953.0,0.3,-0.05,9.23,-0.04,0.03,-0.01,24.91
36555953.0,0.29,-0.08,9.25,-0.04,0.03,-0.01,24.86
36578953.0,0.31,-0.09,9.18,-0.04,0.02,-0.01,24.86
36601953.0,0.38,-0.11,9.18,-0.04,0.02,-0.01,24.86
36624953.0,0.28,-0.12,9.17,-0.04,0.02,-0.01,24.95
36647953.0,0.32,-0.15,9.28,-0.04,0.03,-0.01,24.95
36670953.0,0.33,-0.05,9.14,-0.04,0.03,-0.01,24.91
36693953.0,0.36,-0.06,9.14,-0.04,0.03,-0.01,25.0
36716953.0,0.31,0.0,9.19,-0.04,0.03,-0.01,24.91
36739953.0,0.32,-0.1,9.22,-0.04,0.02,-0.01,24.91
36762953.0,0.22,-0.07,9.19,-0.04,0.03,-0.01,24.86
36785953.0,0.3,-0.07,9.12,-0.04,0.02,-0.01,24.95
36808953.0,0.3,-0.1,9.14,-0.04,0.03,-0.01,24.86
36831953.0,0.3,-0.11,9.24,-0.04,0.03,-0.01,24.95
36854953.0,0.31,-0.03,9.25,-0.04,0.03,-0.01,24.95
36877953.0,0.29,-0.07,9.25,-0.04,0.03,-0.01,24.91
36900953.0,0.29,-0.02,9.25,-0.04,0.03,-0.01,24.81
36923953.0,0.34,-0.04,9.22,-0.04,0.02,-0.01,25.0
36946953.0,0.34,-0.07,9.17,-0.04,0.03,-0.01,24.95
36969953.0,0.3,-0.03,9.19,-0.04,0.02,-0.01,24.95
36992953.0,0.26,-0.05,9.13,-0.04,0.03,-0.01,24.86
37015953.0,0.3,-0.02,9.22,-0.04,0.02,-0.01,24.86
37038953.0,0.35,-0.08,9.13,-0.04,0.03,-0.01,24.81
37061953.0,0.28,-0.07,9.24,-0.04,0.02,-0.01,24.91
37084953.0,0.31,-0.04,9.2,-0.04,0.03,-0.01,25.0
37107953.0,0.26,-0.08,9.17,-0.04,0.02,-0.01,24.91
37130953.0,0.25,-0.11,9.2,-0.04,0.03,-0.01,24.86
37153953.0,0.33,-0.04,9.23,-0.04,0.03,-0.01,24.95
37176953.0,0.28,-0.1,9.14,-0.05,0.03,-0.01,24.86
37199953.0,0.35,-0.05,9.22,-0.04,0.03,-0.01,24.86
37222953.0,0.3,-0.08,9.22,-0.04,0.02,-0.01,24.81
37245953.0,0.33,-0.08,9.23,-0.04,0.03,-0.01,24.91
37268953.0,0.35,-0.07,9.17,-0.04,0.02,-0.01,24.91
37291953.0,0.29,-0.14,9.17,-0.04,0.02,-0.01,24.91
37314953.0,0.32,0.0,9.15,-0.04,0.02,-0.01,25.0
37337953.0,0.32,-0.1,9.24,-0.04,0.03,-0.01,24.95
37360953.0,0.29,-0.14,9.1,-0.04,0.02,-0.01,24.95
37383953.0,0.32,-0.03,9.22,-0.04,0.02,-0.01,24.86
37406953.0,0.29,-0.06,9.21,-0.04,0.03,-0.01,24.95
37429953.0,0.3,-0.07,9.17,-0.04,0.02,-0.01,24.91
37452953.0,0.34,-0.06,9.15,-0.04,0.02,-0.01,24.91
37475953.0,0.26,-0.11,9.25,-0.04,0.02,-0.01,24.91
37498953.0,0.32,-0.06,9.19,-0.04,0.03,-0.01,24.81
37521953.0,0.33,-0.04,9.19,-0.04,0.03,-0.01,24.86
37544953.0,0.31,-0.1,9.2,-0.04,0.03,-0.01,24.86
37567953.0,0.3,-0.11,9.22,-0.04,0.03,-0.01,24.86
37590953.0,0.28,-0.06,9.26,-0.04,0.03,-0.01,24.95
37613953.0,0.34,-0.09,9.2,-0.04,0.02,-0.01,24.95
37636953.0,0.34,-0.03,9.22,-0.04,0.02,-0.01,24.86
37659953.0,0.29,-0.08,9.22,-0.04,0.02,-0.01,24.91
37682953.0,0.23,-0.1,9.14,-0.04,0.03,-0.01,24.91
37705953.0,0.36,-0.07,9.25,-0.04,0.02,-0.01,24.95
37728953.0,0.32,-0.06,9.11,-0.04,0.03,-0.01,24.95
37751953.0,0.32,-0.08,9.27,-0.04,0.03,-0.01,25.05
37774953.0,0.34,-0.03,9.28,-0.04,0.03,-0.01,24.86
37797953.0,0.28,-0.04,9.19,-0.04,0.03,-0.01,24.81
37820953.0,0.28,-0.04,9.23,-0.04,0.02,-0.01,24.91
37843953.0,0.34,-0.11,9.18,-0.04,0.03,-0.01,24.91
37866953.0,0.31,-0.07,9.19,-0.04,0.03,-0.01,24.91
37889953.0,0.29,-0.06,9.16,-0.05,0.03,-0.01,24.86
37912953.0,0.3,-0.07,9.21,-0.04,0.02,-0.01,24.86
37935953.0,0.27,-0.1,9.24,-0.04,0.02,-0.01,24.86
37958953.0,0.27,-0.07,9.2,-0.04,0.02,-0.01,24.86
37981953.0,0.31,-0.1,9.14,-0.04,0.03,-0.01,24.95
38004953.0,0.33,-0.07,9.27,-0.04,0.02,-0.01,24.91
38027953.0,0.36,-0.04,9.2,-0.04,0.02,-0.01,25.0
38050953.0,0.25,-0.07,9.19,-0.04,0.03,-0.01,24.91
38073953.0,0.33,-0.05,9.22,-0.04,0.03,-0.01,24.91
38096953.0,0.32,-0.03,9.18,-0.04,0.03,-0.01,24.86
38119953.0,0.29,-0.1,9.26,-0.04,0.02,-0.01,24.86
38142953.0,0.34,-0.09,9.17,-0.04,0.03,-0.01,24.86
38165953.0,0.35,-0.08,9.23,-0.05,0.03,-0.01,24.95
38188953.0,0.24,-0.08,9.28,-0.04,0.02,-0.01,25.0
38211953.0,0.29,-0.02,9.2,-0.04,0.03,-0.01,24.91
38234953.0,0.27,-0.06,9.11,-0.04,0.02,-0.01,24.91
38257953.0,0.34,-0.07,9.18,-0.04,0.03,-0.01,24.91
38280953.0,0.3,-0.1,9.15,-0.04,0.02,-0.01,24.95
38303953.0,0.28,-0.09,9.23,-0.04,0.03,-0.01,24.95
38326953.0,0.26,-0.12,9.33,-0.04,0.03,-0.01,24.95
38349953.0,0.27,-0.11,9.23,-0.04,0.03,-0.01,24.95
38372953.0,0.37,-0.11,9.3,-0.04,0.02,-0.01,24.95
38395953.0,0.29,-0.1,9.24,-0.04,0.02,-0.01,24.95
38418953.0,0.28,-0.02,9.14,-0.04,0.03,-0.01,25.0
38441953.0,0.3,-0.11,9.16,-0.04,0.02,-0.01,25.0
38464953.0,0.27,-0.07,9.16,-0.04,0.02,-0.01,24.86
38487953.0,0.26,-0.07,9.23,-0.04,0.03,-0.01,24.95
38510953.0,0.28,-0.08,9.21,-0.04,0.02,-0.01,24.95
38533953.0,0.29,-0.06,9.24,-0.04,0.03,-0.01,24.86
38556953.0,0.32,-0.06,9.26,-0.04,0.03,-0.01,24.81
38579953.0,0.28,-0.07,9.23,-0.04,0.02,-0.01,25.0
38602953.0,0.26,-0.05,9.24,-0.04,0.02,-0.01,24.91
38625953.0,0.35,-0.12,9.29,-0.04,0.03,-0.01,24.91
38648953.0,0.32,-0.04,9.1,-0.04,0.03,-0.01,24.91
38671953.0,0.33,-0.09,9.26,-0.04,0.03,-0.01,24.86
38694953.0,0.28,-0.06,9.29,-0.05,0.03,-0.01,24.86
38717953.0,0.32,-0.07,9.21,-0.04,0.02,-0.01,24.95
38740953.0,0.29,-0.01,9.27,-0.04,0.03,-0.01,24.86
38763953.0,0.25,-0.11,9.18,-0.04,0.03,-0.01,24.81
38786953.0,0.31,-0.08,9.22,-0.04,0.03,-0.01,24.91
38809953.0,0.37,-0.07,9.21,-0.04,0.02,-0.01,24.81
38832953.0,0.33,-0.1,9.14,-0.04,0.02,-0.01,24.91
38855953.0,0.34,-0.06,9.23,-0.04,0.02,-0.01,24.95
38878953.0,0.31,-0.08,9.08,-0.04,0.03,-0.01,24.95
38901953.0,0.29,-0.09,9.26,-0.04,0.03,-0.01,24.86
38924953.0,0.26,-0.04,9.19,-0.04,0.02,-0.01,24.95
38947953.0,0.27,-0.19,9.13,-0.04,0.03,-0.01,24.91
38970953.0,0.3,-0.15,9.28,-0.04,0.03,-0.01,24.91
38993953.0,0.3,-0.13,9.18,-0.04,0.02,-0.01,24.91
39016953.0,0.31,-0.08,9.25,-0.04,0.02,-0.01,24.91
39039953.0,0.33,-0.06,9.17,-0.04,0.03,-0.01,24.95
39062953.0,0.3,-0.06,9.1,-0.04,0.03,-0.01,24.86
39085953.0,0.26,-0.06,9.18,-0.04,0.03,-0.01,24.95
39108953.0,0.3,-0.08,9.11,-0.05,0.03,-0.01,24.86
39131953.0,0.33,-0.11,9.22,-0.04,0.03,-0.01,24.95
39154953.0,0.32,-0.1,9.18,-0.04,0.03,-0.01,24.86
39177953.0,0.31,-0.07,9.14,-0.04,0.02,-0.01,24.91
39200953.0,0.28,-0.06,9.18,-0.04,0.03,-0.01,24.91
39223953.0,0.28,-0.11,9.21,-0.04,0.03,-0.01,24.86
39246953.0,0.28,-0.07,9.23,-0.05,0.03,-0.01,24.95
39269953.0,0.27,-0.07,9.16,-0.04,0.02,-0.01,24.95
39292953.0,0.34,-0.13,9.16,-0.04,0.03,-0.01,24.95
39315953.0,0.33,-0.07,9.21,-0.04,0.03,-0.01,24.95
39338953.0,0.33,-0.07,9.26,-0.04,0.03,-0.01,24.91
39361953.0,0.36,-0.11,9.18,-0.05,0.02,-0.01,24.91
39384953.0,0.28,-0.05,9.17,-0.04,0.02,-0.01,24.91
39407953.0,0.32,-0.05,9.21,-0.04,0.03,-0.01,25.0
39430953.0,0.35,-0.05,9.3,-0.04,0.02,-0.01,24.86
39453953.0,0.34,-0.07,9.2,-0.04,0.03,-0.01,24.86
39476953.0,0.32,-0.1,9.22,-0.04,0.03,-0.01,24.86
39499953.0,0.29,-0.07,9.17,-0.04,0.03,-0.01,24.95
39522953.0,0.32,-0.09,9.18,-0.04,0.02,-0.01,24.91
39545953.0,0.23,-0.06,9.11,-0.04,0.03,-0.01,24.91
39568953.0,0.29,-0.16,9.19,-0.04,0.02,-0.01,24.81
39591953.0,0.33,-0.11,9.25,-0.04,0.02,-0.01,24.91
39614953.0,0.31,-0.09,9.16,-0.04,0.02,-0.01,24.86
39637953.0,0.28,-0.07,9.17,-0.05,0.03,-0.01,24.95
39660953.0,0.34,-0.09,9.18,-0.04,0.03,-0.01,24.86
39683953.0,0.32,-0.13,9.26,-0.04,0.03,-0.01,24.95
39706953.0,0.28,-0.04,9.21,-0.04,0.03,-0.01,24.91
39729953.0,0.31,-0.08,9.22,-0.05,0.03,-0.01,25.0
39752953.0,0.26,-0.14,9.2,-0.04,0.03,-0.01,24.91
39775953.0,0.31,-0.09,9.2,-0.04,0.02,-0.01,24.81
39798953.0,0.37,-0.07,9.22,-0.04,0.02,-0.01,24.86
39821953.0,0.35,-0.09,9.17,-0.04,0.02,-0.01,24.95
39844953.0,0.29,-0.07,9.17,-0.04,0.02,-0.01,24.95
39867953.0,0.33,-0.08,9.17,-0.04,0.03,-0.01,24.86
39890953.0,0.31,-0.12,9.17,-0.04,0.02,-0.01,24.95
39913953.0,0.27,-0.12,9.23,-0.04,0.03,-0.01,24.86
39936953.0,0.39,-0.07,9.18,-0.04,0.02,-0.01,24.91
39959953.0,0.31,-0.04,9.22,-0.04,0.02,-0.01,24.81
39982953.0,0.28,-0.06,9.11,-0.04,0.03,-0.01,24.81
40005953.0,0.34,-0.09,9.18,-0.04,0.03,-0.01,24.86
40028953.0,0.4,-0.06,9.23,-0.04,0.03,-0.01,24.86
40051953.0,0.31,-0.06,9.27,-0.05,0.03,-0.01,24.95
40074953.0,0.35,-0.12,9.2,-0.04,0.03,-0.01,24.95
40097953.0,0.25,-0.04,9.23,-0.04,0.03,-0.01,24.91
40120953.0,0.35,-0.08,9.11,-0.04,0.03,-0.01,24.91
40143953.0,0.27,-0.07,9.23,-0.04,0.02,-0.01,24.91
40166953.0,0.32,-0.08,9.23,-0.04,0.02,-0.01,24.91
40189953.0,0.33,-0.09,9.28,-0.04,0.02,-0.01,24.86
40212953.0,0.35,-0.05,9.18,-0.04,0.02,-0.01,24.86
40235953.0,0.32,-0.05,9.2,-0.04,0.02,-0.01,24.95
40258953.0,0.34,-0.09,9.18,-0.04,0.03,-0.01,24.95
40281953.0,0.3,-0.02,9.21,-0.04,0.02,-0.01,24.91
40304953.0,0.31,-0.1,9.29,-0.04,0.03,-0.01,25.0
40327953.0,0.26,-0.05,9.19,-0.04,0.02,-0.01,24.91
40350953.0,0.3,-0.06,9.17,-0.04,0.03,-0.01,24.81
40373953.0,0.34,-0.13,9.24,-0.04,0.03,-0.01,24.95
40396953.0,0.3,-0.09,9.11,-0.04,0.03,-0.01,24.95
40419953.0,0.27,-0.1,9.21,-0.04,0.03,-0.01,24.86
40442953.0,0.28,-0.1,9.23,-0.04,0.03,-0.01,24.95
40465953.0,0.31,-0.07,9.17,-0.04,0.03,-0.01,24.91
40488953.0,0.24,-0.06,9.15,-0.04,0.02,-0.01,24.91
40511953.0,0.25,-0.12,9.22,-0.04,0.03,-0.01,24.91
40534953.0,0.32,-0.1,9.18,-0.05,0.02,-0.01,24.91
40557953.0,0.29,-0.1,9.19,-0.04,0.03,-0.01,24.86
40580953.0,0.31,-0.1,9.22,-0.04,0.02,-0.01,24.95
40603953.0,0.3,-0.13,9.24,-0.04,0.03,-0.01,24.77
40626953.0,0.3,-0.08,9.24,-0.04,0.02,-0.01,24.95
40649953.0,0.3,-0.08,9.2,-0.04,0.03,-0.01,24.95
40672953.0,0.25,-0.06,9.07,-0.04,0.02,-0.01,24.86
40695953.0,0.28,-0.1,9.2,-0.04,0.03,-0.01,24.91
40718953.0,0.31,-0.06,9.26,-0.04,0.02,-0.01,24.81
40741953.0,0.32,-0.07,9.28,-0.05,0.03,-0.01,24.81
40764953.0,0.29,-0.13,9.28,-0.04,0.02,-0.01,24.86
40787953.0,0.28,-0.04,9.25,-0.04,0.03,-0.01,24.95
40810953.0,0.32,-0.1,9.19,-0.04,0.03,-0.01,24.95
40833953.0,0.29,-0.02,9.15,-0.05,0.03,-0.01,24.95
40856953.0,0.38,-0.03,9.15,-0.04,0.03,-0.01,24.91
40879953.0,0.31,-0.02,9.25,-0.04,0.03,-0.01,24.91
40902953.0,0.32,-0.14,9.17,-0.04,0.02,-0.01,24.91
40925953.0,0.26,-0.07,9.25,-0.05,0.03,-0.01,24.91
40948953.0,0.27,-0.12,9.24,-0.04,0.03,-0.01,24.86
40971953.0,0.27,-0.09,9.21,-0.04,0.02,-0.01,24.95
40994953.0,0.31,-0.14,9.22,-0.04,0.03,-0.01,24.95
41017953.0,0.33,-0.1,9.19,-0.04,0.03,-0.01,24.95
41040953.0,0.28,-0.05,9.17,-0.04,0.03,-0.01,24.91
41063953.0,0.3,-0.1,9.12,-0.04,0.03,-0.01,24.81
41086953.0,0.3,-0.07,9.16,-0.04,0.03,-0.01,24.91
41109953.0,0.3,-0.11,9.25,-0.04,0.02,-0.01,25.0
41132953.0,0.34,-0.08,9.17,-0.04,0.03,-0.01,24.86
41155953.0,0.28,-0.06,9.25,-0.04,0.03,-0.01,24.86
41178953.0,0.33,-0.1,9.22,-0.04,0.03,-0.01,24.95
41201953.0,0.35,-0.11,9.16,-0.04,0.02,-0.01,24.86
41224953.0,0.29,-0.06,9.2,-0.04,0.02,-0.01,24.91
41247953.0,0.31,-0.09,9.15,-0.04,0.03,-0.01,24.91
41270953.0,0.34,-0.04,9.25,-0.04,0.02,-0.01,24.91
41293953.0,0.3,-0.08,9.24,-0.04,0.02,-0.01,24.81
41316953.0,0.33,-0.07,9.3,-0.04,0.02,-0.01,24.95
41339953.0,0.29,-0.12,9.22,-0.04,0.03,-0.01,24.86
41362953.0,0.28,-0.12,9.21,-0.04,0.03,-0.01,24.95
41385953.0,0.31,-0.04,9.21,-0.04,0.03,-0.01,24.95
41408953.0,0.36,-0.1,9.15,-0.04,0.02,-0.01,24.86
41431953.0,0.33,-0.07,9.24,-0.05,0.02,-0.01,24.95
41454953.0,0.32,-0.05,9.23,-0.05,0.02,-0.01,24.91
41477953.0,0.33,-0.11,9.2,-0.04,0.02,-0.01,24.91
41500953.0,0.23,-0.07,9.23,-0.05,0.03,-0.01,24.81
41523953.0,0.27,-0.1,9.31,-0.04,0.02,-0.01,24.95
41546953.0,0.29,-0.09,9.2,-0.05,0.02,-0.01,24.95
41569953.0,0.24,-0.08,9.16,-0.04,0.02,-0.01,24.86
41592953.0,0.36,-0.07,9.16,-0.04,0.03,-0.01,24.95
41615953.0,0.32,-0.08,9.18,-0.04,0.02,-0.01,24.91
41638953.0,0.35,-0.07,9.23,-0.04,0.02,-0.01,24.91
41661953.0,0.36,-0.03,9.26,-0.04,0.02,-0.01,24.91
41684953.0,0.28,-0.06,9.19,-0.04,0.02,-0.01,24.91
41707953.0,0.27,-0.04,9.12,-0.04,0.03,-0.01,24.95
41730953.0,0.29,-0.15,9.19,-0.05,0.02,-0.01,24.86
41753953.0,0.33,-0.12,9.25,-0.04,0.03,-0.01,24.95
41776953.0,0.33,-0.16,9.21,-0.04,0.03,-0.01,24.95
41799953.0,0.3,-0.11,9.2,-0.04,0.03,-0.01,24.91
41822953.0,0.34,-0.08,9.19,-0.04,0.03,-0.01,25.0
41845953.0,0.27,-0.13,9.22,-0.04,0.03,-0.01,24.91
41868953.0,0.27,-0.04,9.19,-0.04,0.03,-0.01,24.91
41891953.0,0.26,-0.17,9.21,-0.04,0.02,-0.01,24.86
41914953.0,0.32,-0.11,9.21,-0.04,0.02,-0.01,24.95
41937953.0,0.36,-0.09,9.19,-0.05,0.03,-0.01,24.95
41960953.0,0.31,-0.09,9.23,-0.04,0.03,-0.01,24.95
41983953.0,0.36,-0.07,9.1,-0.04,0.02,-0.01,24.91
42006953.0,0.33,-0.1,9.13,-0.04,0.02,-0.01,24.91
42029953.0,0.29,-0.06,9.06,-0.04,0.03,-0.01,24.91
42052953.0,0.28,-0.08,9.16,-0.04,0.02,-0.01,24.91
42075953.0,0.31,-0.07,9.2,-0.04,0.03,-0.01,24.91
42098953.0,0.3,-0.07,9.19,-0.04,0.03,-0.01,24.95
42121953.0,0.27,-0.08,9.28,-0.04,0.03,-0.01,24.86
42144953.0,0.36,-0.08,9.25,-0.04,0.03,-0.01,24.86
42167953.0,0.3,-0.15,9.33,-0.04,0.03,-0.01,24.95
42190953.0,0.27,-0.12,9.26,-0.04,0.03,-0.01,24.86
42213953.0,0.35,-0.04,9.28,-0.04,0.02,-0.01,24.81
42236953.0,0.28,-0.11,9.22,-0.04,0.03,-0.01,24.91
42259953.0,0.32,-0.02,9.21,-0.04,0.02,-0.01,25.0
42282953.0,0.37,-0.05,9.24,-0.05,0.03,-0.01,24.95
42305953.0,0.3,-0.11,9.27,-0.04,0.03,-0.01,24.95
42328953.0,0.31,-0.07,9.11,-0.04,0.03,-0.01,24.95
42351953.0,0.3,-0.05,9.17,-0.05,0.02,-0.01,24.86
42374953.0,0.25,-0.06,9.19,-0.04,0.02,-0.01,24.91
42397953.0,0.25,-0.15,9.16,-0.04,0.03,-0.01,24.91
42420953.0,0.28,-0.04,9.21,-0.04,0.02,-0.01,24.91
42443953.0,0.3,-0.11,9.21,-0.04,0.03,-0.01,24.91
42466953.0,0.3,-0.06,9.22,-0.04,0.02,-0.01,24.86
42489953.0,0.34,-0.07,9.19,-0.04,0.02,-0.01,24.86
42512953.0,0.32,-0.13,9.17,-0.04,0.02,-0.01,24.95
42535953.0,0.27,-0.06,9.23,-0.04,0.02,-0.01,24.95
42558953.0,0.28,-0.04,9.22,-0.04,0.03,-0.01,24.91
42581953.0,0.23,-0.1,9.27,-0.04,0.03,-0.01,24.91
42604953.0,0.38,-0.07,9.2,-0.04,0.02,-0.01,24.91
42627953.0,0.33,-0.1,9.23,-0.04,0.03,-0.01,24.91
42650953.0,0.29,-0.1,9.21,-0.04,0.02,-0.01,24.86
42673953.0,0.3,-0.08,9.17,-0.04,0.03,-0.01,24.95
42696953.0,0.31,-0.15,9.16,-0.04,0.02,-0.01,24.95
42719953.0,0.23,-0.11,9.14,-0.04,0.02,-0.01,24.86
42742953.0,0.33,-0.09,9.22,-0.04,0.02,-0.01,24.95
42765953.0,0.3,-0.08,9.22,-0.04,0.03,-0.01,24.91
42788953.0,0.29,-0.08,9.19,-0.04,0.03,-0.01,25.0
42811953.0,0.36,-0.11,9.28,-0.04,0.02,-0.01,24.91
42834953.0,0.33,-0.08,9.23,-0.04,0.02,-0.01,24.91
42857953.0,0.33,-0.07,9.2,-0.04,0.03,-0.01,24.86
42880953.0,0.29,0.0,9.22,-0.04,0.02,-0.01,24.86
42903953.0,0.27,-0.11,9.16,-0.04,0.03,-0.01,24.95
42926953.0,0.28,-0.04,9.19,-0.04,0.03,-0.01,24.95
42949953.0,0.33,-0.09,9.22,-0.04,0.02,-0.01,24.95
42972953.0,0.35,-0.08,9.21,-0.04,0.02,-0.01,24.91
42995953.0,0.29,-0.06,9.16,-0.04,0.02,-0.01,24.91
43018953.0,0.39,-0.08,9.26,-0.04,0.03,-0.01,24.91
43041953.0,0.28,-0.02,9.13,-0.04,0.02,-0.01,24.95
43064953.0,0.29,-0.07,9.28,-0.04,0.03,-0.01,24.77
43087953.0,0.32,-0.11,9.17,-0.04,0.03,-0.01,24.95
43110953.0,0.25,-0.02,9.16,-0.04,0.03,-0.01,24.95
43133953.0,0.28,-0.07,9.17,-0.05,0.03,-0.01,25.0
43156953.0,0.3,-0.1,9.25,-0.04,0.03,-0.01,24.91
43179953.0,0.25,-0.11,9.21,-0.04,0.02,-0.01,24.91
43202953.0,0.35,-0.04,9.26,-0.04,0.02,-0.01,24.91
43225953.0,0.31,-0.1,9.26,-0.05,0.03,-0.01,24.95
43248953.0,0.35,-0.06,9.25,-0.04,0.03,-0.01,24.86
43271953.0,0.36,-0.08,9.09,-0.04,0.03,-0.01,24.86
43294953.0,0.31,-0.11,9.27,-0.04,0.02,-0.01,24.86
43317953.0,0.28,-0.04,9.21,-0.04,0.03,-0.01,25.0
43340953.0,0.25,-0.07,9.2,-0.04,0.03,-0.01,24.91
43363953.0,0.27,-0.1,9.27,-0.04,0.03,-0.01,24.91
43386953.0,0.31,-0.09,9.19,-0.05,0.03,-0.0,24.91
43409953.0,0.25,-0.04,9.26,-0.04,0.03,-0.01,24.81
43432953.0,0.33,-0.1,9.28,-0.04,0.03,-0.01,24.95
43455953.0,0.34,-0.09,9.25,-0.04,0.03,-0.01,24.95
43478953.0,0.27,-0.02,9.23,-0.05,0.03,-0.01,24.86
43501953.0,0.19,-0.13,9.24,-0.05,0.03,-0.01,24.95
43524953.0,0.28,-0.14,9.24,-0.04,0.02,-0.01,24.91
43547953.0,0.33,-0.13,9.12,-0.05,0.03,-0.01,24.91
43570953.0,0.33,-0.06,9.17,-0.04,0.03,-0.01,24.91
43593953.0,0.27,-0.06,9.14,-0.04,0.03,-0.01,24.91
43616953.0,0.31,-0.09,9.27,-0.04,0.03,-0.01,24.95
43639953.0,0.33,-0.06,9.24,-0.04,0.02,-0.01,24.86
43662953.0,0.35,-0.08,9.27,-0.04,0.02,-0.01,24.95
43685953.0,0.29,-0.06,9.21,-0.04,0.02,-0.01,24.86
43708953.0,0.39,-0.05,9.17,-0.04,0.03,-0.01,24.86
43731953.0,0.34,-0.11,9.24,-0.04,0.03,-0.01,24.95
43754953.0,0.33,-0.13,9.12,-0.04,0.03,-0.01,24.91
43777953.0,0.33,-0.08,9.2,-0.04,0.03,-0.01,24.91
43800953.0,0.27,-0.07,9.19,-0.04,0.03,-0.01,24.86
43823953.0,0.27,-0.09,9.14,-0.04,0.03,-0.01,24.86
43846953.0,0.29,-0.06,9.19,-0.04,0.02,-0.01,24.95
43869953.0,0.3,-0.02,9.25,-0.04,0.02,-0.01,24.95
43892953.0,0.32,-0.06,9.15,-0.04,0.03,-0.01,24.91
43915953.0,0.28,-0.05,9.24,-0.04,0.03,-0.01,25.0
43938953.0,0.32,-0.08,9.14,-0.04,0.02,-0.01,25.0
43961953.0,0.31,-0.11,9.27,-0.04,0.02,-0.01,24.91
43984953.0,0.31,-0.06,9.2,-0.04,0.02,-0.01,24.95
44007953.0,0.27,-0.13,9.2,-0.04,0.02,-0.01,24.95
44030953.0,0.28,-0.07,9.22,-0.04,0.02,-0.01,24.95
44053953.0,0.28,-0.08,9.24,-0.04,0.03,-0.01,24.95
44076953.0,0.26,-0.06,9.21,-0.04,0.03,-0.01,24.86
44099953.0,0.35,-0.09,9.17,-0.04,0.03,-0.01,24.91
44122953.0,0.35,-0.14,9.3,-0.04,0.02,-0.01,24.91
44145953.0,0.28,-0.05,9.13,-0.04,0.02,-0.01,24.91
44168953.0,0.31,-0.11,9.2,-0.04,0.03,-0.01,24.91
44191953.0,0.28,-0.1,9.3,-0.04,0.02,-0.01,24.95
44214953.0,0.31,-0.13,9.15,-0.04,0.03,-0.01,24.86
44237953.0,0.3,-0.09,9.22,-0.04,0.03,-0.01,24.95
44260953.0,0.34,-0.06,9.24,-0.04,0.02,-0.01,24.86
44283953.0,0.32,-0.04,9.25,-0.05,0.03,-0.01,24.91
44306953.0,0.31,-0.07,9.2,-0.04,0.03,-0.01,24.91
44329953.0,0.31,-0.04,9.14,-0.04,0.03,-0.01,24.91
44352953.0,0.33,-0.06,9.21,-0.04,0.03,-0.01,24.91
44375953.0,0.28,-0.04,9.22,-0.04,0.03,-0.01,24.86
44398953.0,0.26,-0.1,9.2,-0.04,0.02,-0.01,24.86
44421953.0,0.36,-0.13,9.25,-0.04,0.03,-0.01,24.86
44444953.0,0.27,-0.08,9.26,-0.04,0.02,-0.01,24.95
44467953.0,0.21,-0.1,9.14,-0.04,0.03,-0.01,24.95
44490953.0,0.31,-0.09,9.3,-0.04,0.03,-0.01,24.86
44513953.0,0.28,-0.07,9.27,-0.04,0.02,-0.01,24.91
44536953.0,0.33,-0.06,9.23,-0.04,0.02,-0.01,24.91
44559953.0,0.3,-0.11,9.23,-0.04,0.03,-0.01,24.95
44582953.0,0.29,-0.09,9.24,-0.04,0.02,-0.01,24.86
44605953.0,0.3,-0.12,9.26,-0.04,0.02,-0.01,24.86
44628953.0,0.35,-0.05,9.23,-0.04,0.02,-0.01,24.86
44651953.0,0.33,-0.07,9.24,-0.04,0.03,-0.01,24.91
44674953.0,0.34,-0.06,9.18,-0.04,0.02,-0.01,24.91
44697953.0,0.41,-0.07,9.16,-0.04,0.03,-0.01,25.0
44720953.0,0.29,-0.06,9.22,-0.04,0.02,-0.01,24.81
44743953.0,0.31,0.01,9.26,-0.04,0.02,-0.01,25.0
44766953.0,0.31,-0.04,9.26,-0.04,0.02,-0.01,24.86
44789953.0,0.36,-0.06,9.21,-0.04,0.02,-0.01,24.95
44812953.0,0.25,-0.12,9.23,-0.04,0.03,-0.01,24.95
44835953.0,0.29,-0.09,9.18,-0.04,0.03,-0.01,24.95
44858953.0,0.25,-0.07,9.12,-0.04,0.02,-0.01,24.81
44881953.0,0.32,-0.06,9.25,-0.04,0.02,-0.01,24.91
44904953.0,0.32,-0.06,9.18,-0.04,0.03,-0.01,24.91
44927953.0,0.29,-0.08,9.18,-0.04,0.03,-0.01,24.91
44950953.0,0.31,-0.07,9.18,-0.04,0.02,-0.01,24.86
44973953.0,0.3,-0.07,9.23,-0.04,0.03,-0.01,24.86
44996953.0,0.29,-0.05,9.25,-0.04,0.02,-0.01,24.86
45019953.0,0.29,-0.06,9.22,-0.05,0.02,-0.01,24.95
45042953.0,0.27,-0.07,9.16,-0.04,0.03,-0.01,25.0
45065953.0,0.3,-0.07,9.21,-0.04,0.03,-0.01,24.91
45088953.0,0.27,-0.1,9.2,-0.04,0.03,-0.01,24.81
45111953.0,0.3,-0.1,9.19,-0.04,0.03,-0.01,24.91
45134953.0,0.34,-0.08,9.19,-0.04,0.03,-0.0,24.86
45157953.0,0.31,-0.06,9.24,-0.04,0.03,-0.01,24.95
45180953.0,0.32,-0.12,9.25,-0.04,0.02,-0.01,24.95
45203953.0,0.32,-0.1,9.2,-0.04,0.03,-0.01,24.95
45226953.0,0.31,-0.03,9.26,-0.04,0.02,-0.01,24.95
45249953.0,0.3,-0.06,9.25,-0.04,0.03,-0.01,24.86
45272953.0,0.28,-0.1,9.24,-0.04,0.03,-0.01,24.91
45295953.0,0.3,-0.03,9.15,-0.04,0.03,-0.01,24.91
45318953.0,0.27,-0.13,9.2,-0.04,0.02,-0.01,24.95
45341953.0,0.29,-0.07,9.17,-0.04,0.02,-0.01,24.95
45364953.0,0.28,-0.05,9.18,-0.04,0.03,-0.01,24.95
45387953.0,0.31,-0.11,9.23,-0.04,0.03,-0.01,24.95
45410953.0,0.26,-0.1,9.16,-0.04,0.02,-0.01,24.95
45433953.0,0.33,-0.14,9.18,-0.04,0.03,-0.01,24.91
45456953.0,0.31,-0.07,9.24,-0.04,0.03,-0.01,24.91
45479953.0,0.27,-0.09,9.22,-0.04,0.03,-0.01,24.91
45502953.0,0.29,-0.1,9.24,-0.04,0.02,-0.01,24.91
45525953.0,0.28,-0.07,9.19,-0.04,0.03,-0.01,24.86
45548953.0,0.27,-0.07,9.19,-0.04,0.02,-0.01,24.86
45571953.0,0.29,-0.09,9.12,-0.04,0.02,-0.01,24.86
45594953.0,0.24,-0.11,9.25,-0.04,0.02,-0.01,24.86
45617953.0,0.28,-0.09,9.17,-0.04,0.03,-0.01,24.91
45640953.0,0.37,-0.03,9.19,-0.04,0.03,-0.01,24.91
45663953.0,0.35,-0.1,9.22,-0.04,0.02,-0.01,24.91
45686953.0,0.27,-0.14,9.18,-0.04,0.02,-0.01,24.81
45709953.0,0.31,-0.02,9.18,-0.04,0.03,-0.01,24.86
45732953.0,0.33,-0.03,9.25,-0.04,0.02,-0.01,24.86
45755953.0,0.29,-0.11,9.12,-0.04,0.02,-0.01,24.95
45778953.0,0.28,-0.03,9.22,-0.04,0.02,-0.01,24.95
45801953.0,0.33,-0.04,9.27,-0.04,0.03,-0.01,24.91
45824953.0,0.29,-0.04,9.18,-0.04,0.03,-0.01,24.91
45847953.0,0.31,-0.11,9.22,-0.04,0.03,-0.01,24.91
45870953.0,0.34,-0.07,9.17,-0.04,0.03,-0.01,24.91
45893953.0,0.38,-0.11,9.22,-0.04,0.03,-0.01,24.95
45916953.0,0.28,-0.07,9.18,-0.04,0.03,-0.01,24.86
45939953.0,0.33,-0.09,9.25,-0.04,0.02,-0.01,24.95
45962953.0,0.31,-0.07,9.24,-0.04,0.03,-0.01,24.95
45985953.0,0.35,-0.11,9.18,-0.04,0.03,-0.01,24.95
46008953.0,0.34,-0.13,9.2,-0.05,0.02,-0.01,24.86
46031953.0,0.31,-0.07,9.17,-0.04,0.03,-0.01,24.91
46054953.0,0.34,-0.1,9.21,-0.04,0.03,-0.01,24.91
46077953.0,0.28,-0.07,9.31,-0.04,0.02,-0.01,24.86
46100953.0,0.27,-0.08,9.17,-0.04,0.02,-0.01,24.95
46123953.0,0.34,-0.06,9.11,-0.04,0.02,-0.01,24.86
46146953.0,0.35,-0.06,9.21,-0.04,0.02,-0.01,24.86
46169953.0,0.31,-0.04,9.22,-0.04,0.03,-0.01,24.95
46192953.0,0.34,-0.11,9.29,-0.04,0.03,-0.01,24.91
46215953.0,0.28,-0.11,9.15,-0.04,0.03,-0.01,24.91
46238953.0,0.28,-0.12,9.22,-0.04,0.03,-0.01,25.0
46261953.0,0.29,-0.07,9.16,-0.04,0.03,-0.01,25.0
46284953.0,0.38,-0.07,9.17,-0.04,0.03,-0.01,24.95
46307953.0,0.31,-0.06,9.25,-0.04,0.02,-0.01,24.86
46330953.0,0.28,-0.11,9.23,-0.04,0.03,-0.01,24.77
46353953.0,0.34,-0.09,9.11,-0.04,0.02,-0.01,24.86
46376953.0,0.28,-0.12,9.11,-0.04,0.03,-0.01,24.91
46399953.0,0.27,-0.12,9.24,-0.04,0.03,-0.01,25.0
46422953.0,0.29,-0.12,9.16,-0.04,0.03,-0.01,24.91
46445953.0,0.25,-0.1,9.15,-0.04,0.03,-0.01,25.0
46468953.0,0.35,-0.06,9.24,-0.04,0.03,-0.01,24.95
46491953.0,0.32,-0.1,9.22,-0.04,0.02,-0.01,24.95
46514953.0,0.24,-0.07,9.28,-0.04,0.02,-0.01,24.95
46537953.0,0.27,-0.13,9.23,-0.04,0.03,-0.01,24.95
46560953.0,0.3,-0.06,9.19,-0.04,0.02,-0.01,25.0
46583953.0,0.28,-0.1,9.12,-0.04,0.03,-0.01,24.91
46606953.0,0.31,-0.12,9.23,-0.04,0.03,-0.01,25.0
46629953.0,0.3,-0.03,9.19,-0.04,0.03,-0.01,24.91
46652953.0,0.3,-0.01,9.16,-0.04,0.02,-0.01,24.95
46675953.0,0.33,-0.12,9.18,-0.04,0.03,-0.01,24.95
46698953.0,0.28,-0.06,9.15,-0.04,0.02,-0.01,24.86
46721953.0,0.31,-0.13,9.22,-0.04,0.03,-0.01,24.95
46744953.0,0.28,-0.12,9.24,-0.05,0.02,-0.01,24.86
46767953.0,0.33,-0.05,9.22,-0.04,0.03,-0.01,24.86
46790953.0,0.28,-0.08,9.15,-0.04,0.02,-0.01,24.91
46813953.0,0.32,-0.06,9.17,-0.04,0.02,-0.01,24.91
46836953.0,0.36,-0.09,9.13,-0.04,0.02,-0.01,24.81
46859953.0,0.34,-0.07,9.16,-0.05,0.03,-0.01,24.95
46882953.0,0.32,-0.07,9.22,-0.04,0.03,-0.01,24.95
46905953.0,0.33,-0.02,9.19,-0.04,0.03,-0.01,24.86
46928953.0,0.25,-0.08,9.22,-0.04,0.02,-0.01,24.95
46951953.0,0.39,-0.06,9.17,-0.04,0.02,-0.01,24.91
46974953.0,0.38,-0.05,9.14,-0.04,0.03,-0.01,24.81
46997953.0,0.32,-0.05,9.19,-0.04,0.02,-0.01,25.0
47020953.0,0.35,-0.09,9.22,-0.04,0.02,-0.01,24.91
47043953.0,0.34,-0.04,9.23,-0.04,0.02,-0.01,24.95
47066953.0,0.31,-0.15,9.15,-0.04,0.02,-0.01,24.95
47089953.0,0.27,-0.09,9.17,-0.04,0.03,-0.01,24.95
47112953.0,0.34,-0.17,9.24,-0.04,0.03,-0.01,24.95
47135953.0,0.24,-0.03,9.25,-0.04,0.03,-0.01,24.91
47158953.0,0.33,-0.12,9.21,-0.04,0.03,-0.01,25.0
47181953.0,0.34,-0.07,9.19,-0.04,0.03,-0.01,25.0
47204953.0,0.27,-0.05,9.19,-0.05,0.03,-0.01,24.91
47227953.0,0.29,-0.12,9.13,-0.04,0.03,-0.01,24.95
47250953.0,0.33,0.0,9.18,-0.05,0.03,-0.01,24.95
47273953.0,0.27,-0.07,9.26,-0.04,0.02,-0.01,24.86
47296953.0,0.33,-0.06,9.24,-0.04,0.03,-0.01,24.95
47319953.0,0.26,-0.1,9.15,-0.04,0.03,-0.01,24.91
47342953.0,0.3,-0.11,9.28,-0.05,0.02,-0.01,24.81
47365953.0,0.34,-0.08,9.21,-0.04,0.02,-0.01,24.91
47388953.0,0.3,-0.12,9.26,-0.04,0.03,-0.01,24.91
47411953.0,0.29,-0.08,9.07,-0.05,0.03,-0.01,24.86
47434953.0,0.37,-0.03,9.25,-0.04,0.03,-0.01,24.95
47457953.0,0.3,-0.06,9.17,-0.04,0.03,-0.01,24.95
47480953.0,0.33,-0.07,9.23,-0.04,0.02,-0.01,24.95
47503953.0,0.27,-0.11,9.22,-0.04,0.02,-0.01,24.95
47526953.0,0.3,-0.12,9.23,-0.04,0.02,-0.01,24.86
47549953.0,0.26,-0.08,9.21,-0.04,0.02,-0.01,24.91
47572953.0,0.32,-0.11,9.26,-0.04,0.02,-0.01,25.0
47595953.0,0.28,-0.05,9.21,-0.04,0.02,-0.01,24.91
47618953.0,0.28,-0.08,9.27,-0.04,0.02,-0.01,25.05
47641953.0,0.42,-0.1,9.22,-0.04,0.03,-0.01,24.95
47664953.0,0.28,-0.04,9.19,-0.04,0.03,-0.01,24.86
47687953.0,0.32,-0.06,9.17,-0.05,0.03,-0.01,24.95
47710953.0,0.25,-0.14,9.25,-0.04,0.03,-0.01,24.81
47733953.0,0.34,-0.08,9.31,-0.04,0.03,-0.01,25.0
47756953.0,0.27,-0.07,9.19,-0.04,0.03,-0.01,24.91
47779953.0,0.31,-0.06,9.14,-0.04,0.03,-0.01,24.91
47802953.0,0.35,-0.1,9.17,-0.04,0.03,-0.01,24.86
47825953.0,0.25,-0.07,9.1,-0.04,0.03,-0.01,24.95
47848953.0,0.32,-0.07,9.17,-0.05,0.02,-0.01,24.95
